Time,ASS MY LIST,UNVIEWED
16/11/2025 07:19:43 pm,1,6
16/11/2025 07:36:35 pm,3,6
16/11/2025 07:41:56 pm,0,9
16/11/2025 09:53:45 pm,0,3
16/11/2025 10:05:03 pm,0,3
16/11/2025 10:18:37 pm,0,3
16/11/2025 10:30:13 pm,0,3
16/11/2025 11:01:16 pm,0,3
16/11/2025 11:12:58 pm,0,3
16/11/2025 11:19:27 pm,0,3
17/11/2025 12:02:47 am,0,3
17/11/2025 12:16:02 am,0,3
17/11/2025 12:24:33 am,0,3
17/11/2025 12:55:01 am,0,3
17/11/2025 01:08:15 am,0,3
17/11/2025 01:17:11 am,0,3
17/11/2025 02:04:43 am,0,3
17/11/2025 02:17:54 am,0,3
17/11/2025 02:58:52 am,0,3
17/11/2025 03:11:13 am,0,3
17/11/2025 03:17:35 am,0,3
17/11/2025 04:05:33 am,0,3
17/11/2025 04:17:45 am,0,3
17/11/2025 04:59:52 am,0,3
17/11/2025 05:13:14 am,0,3
17/11/2025 05:19:28 am,0,3
17/11/2025 09:11:58 am,0,5
17/11/2025 10:14:58 am,0,5
17/11/2025 10:25:49 am,0,5
17/11/2025 11:11:20 am,0,5
17/11/2025 11:21:05 am,0,5
17/11/2025 12:26:09 pm,0,5
17/11/2025 01:03:19 pm,0,5
17/11/2025 01:18:03 pm,0,5
17/11/2025 02:24:49 pm,0,5
17/11/2025 03:13:23 pm,0,5
17/11/2025 03:24:16 pm,0,4
17/11/2025 04:16:36 pm,0,3
17/11/2025 05:00:11 pm,0,3
17/11/2025 05:15:04 pm,0,3
17/11/2025 05:21:41 pm,0,3
17/11/2025 07:11:41 pm,0,1
17/11/2025 07:27:06 pm,0,1
17/11/2025 08:14:03 pm,0,1
17/11/2025 08:26:06 pm,0,1
17/11/2025 09:11:32 pm,0,0
17/11/2025 09:24:02 pm,0,0
17/11/2025 10:24:42 pm,0,0
17/11/2025 11:10:59 pm,0,0
17/11/2025 11:20:36 pm,0,0
18/11/2025 12:21:31 am,1,0
18/11/2025 12:57:47 am,1,0
18/11/2025 01:10:15 am,1,0
18/11/2025 01:17:20 am,1,0
18/11/2025 02:07:07 am,2,1
18/11/2025 02:18:17 am,2,1
18/11/2025 03:02:44 am,4,1
18/11/2025 03:18:02 am,0,2
18/11/2025 04:10:08 am,1,2
18/11/2025 04:20:27 am,1,2
18/11/2025 05:02:22 am,0,4
18/11/2025 05:17:33 am,0,4
18/11/2025 09:06:08 am,0,4
18/11/2025 09:33:03 am,0,4
18/11/2025 10:17:30 am,0,4
18/11/2025 11:10:55 am,0,4
18/11/2025 11:20:25 am,0,4
18/11/2025 12:24:22 pm,0,4
18/11/2025 01:03:37 pm,0,4
18/11/2025 01:17:57 pm,0,4
18/11/2025 02:22:53 pm,0,4
18/11/2025 03:10:41 pm,0,4
18/11/2025 03:22:45 pm,0,4
18/11/2025 04:16:56 pm,0,4
18/11/2025 05:02:10 pm,0,4
18/11/2025 05:17:52 pm,0,4
18/11/2025 07:12:34 pm,0,4
18/11/2025 07:26:29 pm,0,4
18/11/2025 08:13:02 pm,0,0
18/11/2025 08:25:12 pm,0,0
18/11/2025 09:12:57 pm,0,0
18/11/2025 09:27:18 pm,0,0
18/11/2025 10:26:02 pm,0,0
18/11/2025 11:09:43 pm,0,0
18/11/2025 11:21:29 pm,1,0
19/11/2025 12:24:13 am,0,0
19/11/2025 12:57:06 am,3,0
19/11/2025 01:06:59 am,3,0
19/11/2025 01:17:33 am,3,0
19/11/2025 03:12:09 am,3,1
19/11/2025 03:18:57 am,3,1
19/11/2025 04:09:35 am,4,7
19/11/2025 04:20:39 am,4,7
19/11/2025 05:00:18 am,4,7
19/11/2025 05:08:44 am,4,7
19/11/2025 05:17:15 am,4,7
19/11/2025 09:04:42 am,0,11
19/11/2025 09:32:47 am,0,11
19/11/2025 10:18:03 am,0,11
19/11/2025 11:10:53 am,0,11
19/11/2025 11:20:48 am,0,11
19/11/2025 12:24:22 pm,0,11
19/11/2025 01:03:51 pm,0,11
19/11/2025 01:18:02 pm,0,11
19/11/2025 02:22:12 pm,0,0
19/11/2025 03:10:36 pm,0,0
19/11/2025 03:21:54 pm,0,0
19/11/2025 04:14:42 pm,0,0
19/11/2025 04:24:38 pm,0,0
19/11/2025 05:00:20 pm,0,0
19/11/2025 05:14:01 pm,0,0
19/11/2025 05:20:35 pm,0,0
19/11/2025 07:12:27 pm,0,0
19/11/2025 07:27:18 pm,0,0
19/11/2025 08:13:46 pm,1,0
19/11/2025 08:26:40 pm,0,0
19/11/2025 09:05:58 pm,0,0
19/11/2025 09:19:12 pm,0,0
19/11/2025 10:23:30 pm,0,0
19/11/2025 11:02:40 pm,1,0
19/11/2025 11:17:53 pm,2,0
20/11/2025 12:20:36 am,1,1
20/11/2025 12:57:51 am,0,3
20/11/2025 01:11:41 am,0,3
20/11/2025 01:18:13 am,1,3
20/11/2025 02:03:23 am,3,3
20/11/2025 02:18:08 am,2,5
20/11/2025 02:56:53 am,3,5
20/11/2025 03:08:25 am,2,6
20/11/2025 03:17:33 am,3,6
20/11/2025 04:08:17 am,2,8
20/11/2025 04:18:56 am,2,8
20/11/2025 05:01:15 am,3,8
20/11/2025 05:17:10 am,0,8
20/11/2025 09:04:26 am,0,12
20/11/2025 09:31:46 am,0,12
20/11/2025 10:15:58 am,0,12
20/11/2025 10:23:59 am,0,12
20/11/2025 11:10:15 am,0,12
20/11/2025 11:19:47 am,0,12
20/11/2025 12:23:37 pm,0,2
20/11/2025 01:02:56 pm,0,1
20/11/2025 01:17:49 pm,0,1
20/11/2025 02:22:34 pm,0,1
20/11/2025 03:08:41 pm,0,1
20/11/2025 03:21:01 pm,0,1
20/11/2025 04:14:20 pm,0,1
20/11/2025 04:24:24 pm,0,1
20/11/2025 04:59:41 pm,0,1
20/11/2025 05:13:13 pm,0,1
20/11/2025 05:19:48 pm,0,1
20/11/2025 07:08:23 pm,0,0
20/11/2025 07:21:29 pm,0,0
20/11/2025 08:11:37 pm,0,0
20/11/2025 08:19:18 pm,1,0
20/11/2025 09:11:10 pm,0,0
20/11/2025 09:23:06 pm,0,0
20/11/2025 10:23:43 pm,0,0
20/11/2025 11:02:56 pm,0,0
20/11/2025 11:18:34 pm,0,3
21/11/2025 12:23:58 am,0,6
21/11/2025 12:57:32 am,1,6
21/11/2025 01:09:39 am,1,6
21/11/2025 01:17:50 am,1,6
21/11/2025 02:10:07 am,1,6
21/11/2025 02:18:40 am,1,6
21/11/2025 03:00:36 am,5,6
21/11/2025 03:11:13 am,5,6
21/11/2025 03:17:45 am,5,6
21/11/2025 04:03:24 am,2,8
21/11/2025 04:17:40 am,0,10
21/11/2025 05:01:18 am,0,13
21/11/2025 05:20:14 am,0,10
21/11/2025 09:05:57 am,0,12
21/11/2025 09:32:13 am,0,12
21/11/2025 10:17:26 am,0,12
21/11/2025 11:10:42 am,0,12
21/11/2025 11:21:33 am,0,12
21/11/2025 12:26:21 pm,0,3
21/11/2025 01:03:24 pm,0,3
21/11/2025 01:17:48 pm,0,3
21/11/2025 02:22:26 pm,0,3
21/11/2025 03:08:38 pm,0,3
21/11/2025 03:21:09 pm,0,3
21/11/2025 04:12:04 pm,0,3
21/11/2025 04:23:06 pm,0,3
21/11/2025 04:58:49 pm,0,3
21/11/2025 05:12:13 pm,0,2
21/11/2025 05:18:40 pm,0,2
21/11/2025 06:52:14 pm,0,0
21/11/2025 07:18:46 pm,1,0
21/11/2025 08:10:27 pm,0,0
21/11/2025 08:21:50 pm,0,0
21/11/2025 09:01:03 pm,0,0
21/11/2025 09:11:07 pm,0,0
21/11/2025 09:17:22 pm,0,0
21/11/2025 10:13:57 pm,0,0
21/11/2025 10:26:12 pm,0,0
21/11/2025 11:04:56 pm,0,0
21/11/2025 11:17:37 pm,0,0
22/11/2025 12:16:33 am,1,0
22/11/2025 12:57:00 am,0,2
22/11/2025 01:09:20 am,0,2
22/11/2025 01:17:33 am,1,2
22/11/2025 02:10:16 am,0,2
22/11/2025 02:21:04 am,2,2
22/11/2025 03:01:19 am,0,4
22/11/2025 03:13:24 am,0,4
22/11/2025 03:19:56 am,0,4
22/11/2025 04:07:57 am,0,4
22/11/2025 04:17:58 am,0,4
22/11/2025 05:01:08 am,0,4
22/11/2025 05:13:07 am,0,4
22/11/2025 05:19:35 am,0,4
22/11/2025 08:46:38 am,0,4
22/11/2025 09:25:27 am,0,4
22/11/2025 10:10:15 am,0,4
22/11/2025 10:21:06 am,0,4
22/11/2025 11:04:44 am,0,0
22/11/2025 11:17:24 am,0,0
22/11/2025 12:18:53 pm,0,0
22/11/2025 12:59:28 pm,0,0
22/11/2025 01:09:16 pm,0,0
22/11/2025 01:17:19 pm,0,0
22/11/2025 02:12:54 pm,0,0
22/11/2025 02:24:14 pm,0,0
22/11/2025 03:01:50 pm,0,0
22/11/2025 03:17:35 pm,0,0
22/11/2025 04:06:14 pm,0,0
22/11/2025 04:18:04 pm,0,0
22/11/2025 04:54:28 pm,0,0
22/11/2025 05:08:12 pm,0,0
22/11/2025 05:17:32 pm,0,0
22/11/2025 06:34:42 pm,0,0
22/11/2025 07:08:34 pm,0,0
22/11/2025 07:17:48 pm,0,0
22/11/2025 08:02:54 pm,1,0
22/11/2025 08:17:17 pm,1,0
22/11/2025 09:00:53 pm,1,0
22/11/2025 09:12:13 pm,1,0
22/11/2025 09:18:43 pm,1,0
22/11/2025 10:12:15 pm,1,0
22/11/2025 10:22:53 pm,1,0
22/11/2025 11:01:09 pm,0,0
22/11/2025 11:12:36 pm,0,0
22/11/2025 11:19:11 pm,0,0
23/11/2025 12:17:05 am,0,1
23/11/2025 12:54:49 am,0,1
23/11/2025 01:08:28 am,1,1
23/11/2025 01:17:34 am,1,1
23/11/2025 02:04:45 am,1,1
23/11/2025 02:18:04 am,2,1
23/11/2025 02:59:14 am,2,1
23/11/2025 03:12:00 am,2,1
23/11/2025 03:18:40 am,2,1
23/11/2025 04:05:56 am,2,1
23/11/2025 04:17:45 am,2,1
23/11/2025 05:01:25 am,2,1
23/11/2025 05:17:21 am,2,1
23/11/2025 09:19:41 am,0,3
23/11/2025 10:24:52 am,0,3
23/11/2025 11:07:13 am,0,3
23/11/2025 11:18:23 am,0,3
23/11/2025 12:21:07 pm,0,3
23/11/2025 12:59:57 pm,0,3
23/11/2025 01:12:33 pm,0,3
23/11/2025 01:18:03 pm,0,3
23/11/2025 02:12:44 pm,0,3
23/11/2025 02:24:10 pm,0,3
23/11/2025 03:02:51 pm,0,3
23/11/2025 03:17:21 pm,0,3
23/11/2025 04:08:32 pm,0,3
23/11/2025 04:17:59 pm,0,3
23/11/2025 04:56:18 pm,0,3
23/11/2025 05:07:52 pm,0,3
23/11/2025 05:17:41 pm,0,3
23/11/2025 06:34:40 pm,0,3
23/11/2025 07:08:20 pm,0,1
23/11/2025 07:17:52 pm,0,0
23/11/2025 08:03:16 pm,0,0
23/11/2025 08:17:22 pm,0,0
23/11/2025 09:00:51 pm,0,0
23/11/2025 09:12:25 pm,0,0
23/11/2025 09:18:46 pm,0,0
23/11/2025 10:12:51 pm,0,0
23/11/2025 10:23:28 pm,0,0
23/11/2025 11:01:33 pm,0,0
23/11/2025 11:17:25 pm,0,0
24/11/2025 12:17:58 am,0,0
24/11/2025 12:55:58 am,0,0
24/11/2025 01:08:11 am,0,0
24/11/2025 01:17:52 am,0,0
24/11/2025 02:07:07 am,0,0
24/11/2025 02:20:27 am,0,0
24/11/2025 03:00:11 am,0,0
24/11/2025 03:12:49 am,0,0
24/11/2025 03:18:38 am,0,0
24/11/2025 04:07:50 am,0,0
24/11/2025 04:18:37 am,0,0
24/11/2025 05:00:56 am,0,0
24/11/2025 05:14:05 am,0,0
24/11/2025 05:20:23 am,0,0
24/11/2025 09:18:24 am,0,0
24/11/2025 10:26:58 am,0,0
24/11/2025 11:12:13 am,0,0
24/11/2025 11:23:04 am,0,0
24/11/2025 12:24:53 pm,0,0
24/11/2025 01:03:12 pm,0,0
24/11/2025 01:17:57 pm,0,0
24/11/2025 02:25:45 pm,0,0
24/11/2025 03:15:11 pm,0,0
24/11/2025 03:26:04 pm,0,0
24/11/2025 04:18:30 pm,0,0
24/11/2025 05:01:08 pm,0,0
24/11/2025 05:15:31 pm,0,0
24/11/2025 05:22:14 pm,0,0
24/11/2025 07:17:46 pm,0,0
24/11/2025 07:29:13 pm,0,0
24/11/2025 08:15:02 pm,0,0
24/11/2025 08:27:14 pm,0,0
24/11/2025 09:12:42 pm,0,0
24/11/2025 09:26:28 pm,0,0
24/11/2025 10:13:33 pm,0,0
24/11/2025 10:27:29 pm,0,0
24/11/2025 11:10:23 pm,0,0
24/11/2025 11:21:42 pm,0,1
25/11/2025 12:24:52 am,1,2
25/11/2025 12:56:04 am,2,3
25/11/2025 01:10:58 am,0,4
25/11/2025 01:17:25 am,0,4
25/11/2025 02:07:56 am,0,4
25/11/2025 02:20:21 am,0,4
25/11/2025 03:03:42 am,1,4
25/11/2025 03:17:41 am,1,4
25/11/2025 04:08:51 am,2,4
25/11/2025 04:19:10 am,3,4
25/11/2025 05:01:42 am,6,4
25/11/2025 05:17:32 am,5,4
25/11/2025 09:09:53 am,0,7
25/11/2025 10:14:46 am,0,7
25/11/2025 10:26:40 am,0,7
25/11/2025 11:11:49 am,0,7
25/11/2025 11:21:55 am,0,7
25/11/2025 12:26:28 pm,0,7
25/11/2025 01:03:59 pm,0,5
25/11/2025 01:17:46 pm,0,5
25/11/2025 02:25:46 pm,0,5
25/11/2025 03:12:48 pm,0,3
25/11/2025 03:25:03 pm,0,2
25/11/2025 04:20:32 pm,0,0
25/11/2025 05:01:21 pm,0,0
25/11/2025 05:17:54 pm,0,0
25/11/2025 07:16:35 pm,0,0
25/11/2025 08:15:25 pm,0,0
25/11/2025 08:24:02 pm,0,0
25/11/2025 09:12:43 pm,0,0
25/11/2025 09:25:43 pm,0,0
25/11/2025 10:27:06 pm,1,0
25/11/2025 11:10:29 pm,1,0
25/11/2025 11:21:57 pm,1,0
26/11/2025 12:22:25 am,2,1
26/11/2025 01:00:26 am,0,9
26/11/2025 01:13:34 am,1,9
26/11/2025 01:19:39 am,1,9
26/11/2025 02:11:27 am,2,10
26/11/2025 02:23:15 am,2,10
26/11/2025 03:02:14 am,3,11
26/11/2025 03:18:13 am,4,12
26/11/2025 04:10:32 am,4,14
26/11/2025 04:21:15 am,4,14
26/11/2025 05:02:28 am,0,19
26/11/2025 05:17:09 am,0,19
26/11/2025 09:10:02 am,0,22
26/11/2025 10:15:12 am,0,22
26/11/2025 10:27:26 am,0,22
26/11/2025 11:10:39 am,0,22
26/11/2025 11:21:12 am,0,22
26/11/2025 12:25:58 pm,0,22
26/11/2025 01:03:06 pm,0,22
26/11/2025 01:17:46 pm,0,22
26/11/2025 02:23:19 pm,0,22
26/11/2025 03:12:40 pm,0,22
26/11/2025 03:24:44 pm,0,22
26/11/2025 04:16:40 pm,0,18
26/11/2025 05:00:51 pm,0,18
26/11/2025 05:14:38 pm,0,18
26/11/2025 05:20:59 pm,0,18
26/11/2025 07:18:04 pm,0,0
26/11/2025 08:14:27 pm,0,0
26/11/2025 08:26:55 pm,0,0
26/11/2025 09:10:59 pm,0,0
26/11/2025 10:23:31 pm,0,0
26/11/2025 11:08:26 pm,0,0
26/11/2025 11:20:14 pm,0,0
27/11/2025 12:18:45 am,0,0
27/11/2025 12:55:25 am,0,0
27/11/2025 01:07:34 am,0,0
27/11/2025 01:18:10 am,0,0
27/11/2025 02:04:02 am,2,0
27/11/2025 02:17:52 am,0,0
27/11/2025 02:40:10 am,0,0
27/11/2025 02:58:18 am,0,0
27/11/2025 03:07:42 am,0,0
27/11/2025 03:17:42 am,0,0
27/11/2025 03:41:25 am,0,0
27/11/2025 04:02:46 am,0,0
27/11/2025 04:18:07 am,1,0
27/11/2025 04:40:51 am,3,1
27/11/2025 04:58:42 am,1,2
27/11/2025 05:07:56 am,3,2
27/11/2025 05:17:41 am,1,5
27/11/2025 06:19:25 am,2,8
27/11/2025 07:56:23 am,0,13
27/11/2025 09:02:11 am,0,13
27/11/2025 09:30:25 am,0,13
27/11/2025 09:55:52 am,0,13
27/11/2025 10:14:27 am,0,13
27/11/2025 10:24:02 am,0,13
27/11/2025 10:42:37 am,0,13
27/11/2025 11:04:52 am,0,13
27/11/2025 11:20:28 am,0,13
27/11/2025 11:48:15 am,0,13
27/11/2025 12:21:48 pm,0,13
27/11/2025 12:43:38 pm,0,13
27/11/2025 01:03:02 pm,0,13
27/11/2025 01:17:48 pm,0,13
27/11/2025 01:46:49 pm,0,13
27/11/2025 02:17:29 pm,0,13
27/11/2025 02:42:48 pm,0,13
27/11/2025 03:04:38 pm,0,10
27/11/2025 03:20:09 pm,0,0
27/11/2025 03:43:00 pm,0,0
27/11/2025 04:08:05 pm,0,0
27/11/2025 04:22:22 pm,0,0
30/11/2025 11:05:11 am,0,4
30/11/2025 11:21:27 am,0,4
30/11/2025 11:46:43 am,0,4
30/11/2025 12:19:14 pm,0,4
30/11/2025 12:40:51 pm,0,4
30/11/2025 12:57:23 pm,0,4
30/11/2025 01:05:08 pm,0,4
30/11/2025 01:17:23 pm,0,4
30/11/2025 01:43:36 pm,0,4
30/11/2025 02:06:13 pm,0,4
30/11/2025 02:21:20 pm,0,4
30/11/2025 02:40:56 pm,0,4
30/11/2025 02:59:03 pm,0,4
30/11/2025 03:08:27 pm,0,1
30/11/2025 03:17:35 pm,0,1
30/11/2025 03:41:17 pm,0,0
30/11/2025 04:02:57 pm,0,0
30/11/2025 04:17:39 pm,0,0
30/11/2025 04:39:12 pm,0,0
30/11/2025 04:55:28 pm,0,0
30/11/2025 05:03:13 pm,0,0
30/11/2025 05:17:18 pm,0,0
30/11/2025 05:48:45 pm,0,0
30/11/2025 06:30:40 pm,0,0
30/11/2025 06:58:03 pm,0,0
30/11/2025 07:12:07 pm,0,0
30/11/2025 07:18:59 pm,0,0
30/11/2025 07:39:58 pm,0,0
30/11/2025 08:00:48 pm,0,0
30/11/2025 08:11:27 pm,0,0
30/11/2025 08:18:02 pm,0,0
30/11/2025 08:40:08 pm,0,0
30/11/2025 08:59:33 pm,0,0
30/11/2025 09:09:03 pm,0,0
30/11/2025 09:17:01 pm,0,0
30/11/2025 09:42:36 pm,0,0
30/11/2025 10:06:42 pm,0,0
30/11/2025 10:21:52 pm,0,0
30/11/2025 10:39:59 pm,0,0
30/11/2025 10:59:00 pm,0,0
30/11/2025 11:09:37 pm,0,0
30/11/2025 11:17:15 pm,0,0
30/11/2025 11:45:08 pm,0,0
01/12/2025 12:12:39 am,0,0
01/12/2025 12:23:36 am,0,0
01/12/2025 12:38:42 am,0,0
01/12/2025 12:55:03 am,0,0
01/12/2025 01:02:54 am,0,0
01/12/2025 01:17:52 am,0,0
01/12/2025 01:42:19 am,0,0
01/12/2025 02:03:16 am,0,0
01/12/2025 02:18:57 am,0,0
01/12/2025 02:39:49 am,0,0
01/12/2025 02:58:22 am,0,0
01/12/2025 03:07:09 am,0,0
01/12/2025 03:17:52 am,0,0
01/12/2025 03:40:43 am,0,0
01/12/2025 04:02:06 am,0,0
01/12/2025 04:18:47 am,1,0
01/12/2025 04:40:10 am,2,0
01/12/2025 04:58:57 am,0,0
01/12/2025 05:08:30 am,0,0
01/12/2025 05:17:50 am,0,0
01/12/2025 06:31:29 am,0,0
01/12/2025 10:02:46 am,0,0
01/12/2025 10:36:25 am,0,0
01/12/2025 11:12:49 am,0,0
01/12/2025 11:25:00 am,0,0
01/12/2025 11:49:23 am,0,0
01/12/2025 12:23:51 pm,0,0
01/12/2025 12:45:38 pm,0,0
01/12/2025 01:05:21 pm,0,0
01/12/2025 01:20:00 pm,0,0
01/12/2025 01:48:39 pm,0,0
01/12/2025 02:21:19 pm,0,0
01/12/2025 02:48:17 pm,0,0
01/12/2025 03:17:05 pm,0,0
01/12/2025 03:44:15 pm,0,0
01/12/2025 04:13:14 pm,0,0
01/12/2025 04:25:27 pm,0,0
01/12/2025 04:41:02 pm,0,0
01/12/2025 04:59:07 pm,0,0
01/12/2025 05:09:00 pm,0,0
01/12/2025 05:17:40 pm,0,0
01/12/2025 05:52:33 pm,0,0
01/12/2025 06:39:27 pm,0,0
01/12/2025 07:16:53 pm,0,0
01/12/2025 07:42:54 pm,0,0
01/12/2025 08:08:14 pm,0,0
01/12/2025 08:25:19 pm,0,0
01/12/2025 08:42:32 pm,0,0
01/12/2025 09:06:00 pm,1,0
01/12/2025 09:22:33 pm,0,0
01/12/2025 09:46:08 pm,0,0
01/12/2025 10:20:29 pm,0,0
01/12/2025 10:43:44 pm,0,0
01/12/2025 11:09:53 pm,0,1
01/12/2025 11:24:43 pm,0,2
01/12/2025 11:49:27 pm,0,2
02/12/2025 12:24:54 am,0,3
02/12/2025 12:44:47 am,0,4
02/12/2025 01:03:11 am,0,4
02/12/2025 01:18:57 am,0,4
02/12/2025 01:41:34 am,0,5
02/12/2025 02:02:02 am,1,5
02/12/2025 02:17:26 am,0,5
02/12/2025 02:39:58 am,0,5
02/12/2025 02:57:09 am,0,5
02/12/2025 03:04:43 am,0,5
02/12/2025 03:18:06 am,0,5
02/12/2025 03:40:13 am,0,5
02/12/2025 04:03:33 am,0,5
02/12/2025 04:19:32 am,0,5
02/12/2025 04:41:26 am,0,5
02/12/2025 05:00:07 am,0,5
02/12/2025 05:10:57 am,0,5
02/12/2025 05:18:07 am,0,5
02/12/2025 06:22:30 am,0,5
02/12/2025 08:01:06 am,0,5
02/12/2025 09:11:23 am,0,5
02/12/2025 09:36:44 am,0,5
02/12/2025 10:13:13 am,0,5
02/12/2025 10:26:19 am,0,5
02/12/2025 10:42:48 am,0,5
02/12/2025 11:05:00 am,0,5
02/12/2025 11:20:23 am,0,5
02/12/2025 11:48:48 am,0,5
02/12/2025 12:23:00 pm,0,0
02/12/2025 12:45:12 pm,0,0
02/12/2025 01:04:41 pm,0,0
02/12/2025 01:19:25 pm,0,0
02/12/2025 01:46:52 pm,0,0
02/12/2025 02:20:47 pm,0,0
02/12/2025 02:47:15 pm,0,0
02/12/2025 03:15:48 pm,0,0
02/12/2025 03:27:06 pm,0,0
02/12/2025 03:45:34 pm,0,0
02/12/2025 04:11:46 pm,0,0
02/12/2025 04:24:21 pm,0,0
02/12/2025 04:41:19 pm,0,0
02/12/2025 05:00:25 pm,0,0
02/12/2025 05:11:34 pm,0,0
02/12/2025 05:19:15 pm,0,0
02/12/2025 05:53:22 pm,0,0
02/12/2025 06:39:41 pm,0,0
02/12/2025 07:18:30 pm,0,0
02/12/2025 07:43:37 pm,2,0
02/12/2025 08:11:06 pm,0,0
02/12/2025 08:24:44 pm,1,0
02/12/2025 08:43:27 pm,0,0
02/12/2025 09:07:33 pm,0,0
02/12/2025 09:24:03 pm,0,0
02/12/2025 09:46:00 pm,0,0
02/12/2025 10:17:54 pm,0,0
02/12/2025 10:45:31 pm,0,0
02/12/2025 11:09:21 pm,0,0
02/12/2025 11:23:00 pm,0,0
02/12/2025 11:48:14 pm,0,0
03/12/2025 12:23:47 am,0,0
03/12/2025 12:42:42 am,0,0
03/12/2025 01:01:08 am,0,0
03/12/2025 01:11:33 am,1,0
03/12/2025 01:17:31 am,0,0
03/12/2025 01:43:43 am,0,0
03/12/2025 02:07:17 am,3,0
03/12/2025 02:22:09 am,0,0
03/12/2025 02:41:10 am,1,0
03/12/2025 02:59:42 am,2,1
03/12/2025 03:08:55 am,3,1
03/12/2025 03:17:43 am,2,2
03/12/2025 03:40:46 am,1,2
03/12/2025 04:01:13 am,1,2
03/12/2025 04:12:34 am,2,2
03/12/2025 04:20:09 am,2,2
03/12/2025 04:41:04 am,3,2
03/12/2025 04:59:14 am,1,2
03/12/2025 05:09:14 am,1,2
03/12/2025 05:17:18 am,1,2
03/12/2025 06:21:35 am,0,2
03/12/2025 08:01:03 am,0,43
03/12/2025 09:09:58 am,0,2
03/12/2025 09:35:01 am,0,2
03/12/2025 10:10:47 am,0,2
03/12/2025 10:25:36 am,0,2
03/12/2025 10:42:40 am,0,2
03/12/2025 11:04:54 am,0,2
03/12/2025 11:20:22 am,0,2
03/12/2025 11:48:28 am,0,2
03/12/2025 12:22:06 pm,0,2
03/12/2025 12:44:19 pm,0,2
03/12/2025 01:04:12 pm,0,2
03/12/2025 01:20:26 pm,0,2
03/12/2025 01:46:28 pm,0,2
03/12/2025 02:19:46 pm,0,2
03/12/2025 02:46:23 pm,0,2
03/12/2025 03:13:55 pm,0,2
03/12/2025 03:23:45 pm,0,2
03/12/2025 03:43:43 pm,0,1
03/12/2025 04:12:54 pm,0,1
03/12/2025 04:25:13 pm,0,1
03/12/2025 04:41:18 pm,0,1
03/12/2025 05:00:02 pm,0,1
03/12/2025 05:11:37 pm,0,1
03/12/2025 05:19:20 pm,0,1
03/12/2025 05:52:08 pm,0,1
03/12/2025 06:40:06 pm,0,1
03/12/2025 07:18:00 pm,0,0
03/12/2025 07:43:09 pm,0,0
03/12/2025 08:08:45 pm,0,0
03/12/2025 08:25:18 pm,0,0
03/12/2025 08:43:09 pm,0,0
03/12/2025 09:07:11 pm,2,0
03/12/2025 09:23:36 pm,0,0
03/12/2025 09:46:28 pm,0,0
03/12/2025 10:21:25 pm,0,0
03/12/2025 10:45:33 pm,0,0
03/12/2025 11:07:59 pm,0,0
03/12/2025 11:21:54 pm,0,0
03/12/2025 11:47:21 pm,0,1
04/12/2025 12:22:13 am,2,2
04/12/2025 12:41:40 am,0,5
04/12/2025 12:58:47 am,0,5
04/12/2025 01:08:53 am,0,5
04/12/2025 01:17:29 am,3,5
04/12/2025 01:43:51 am,0,7
04/12/2025 02:07:33 am,3,7
04/12/2025 02:23:12 am,2,8
04/12/2025 02:41:02 am,1,8
04/12/2025 02:57:49 am,0,8
04/12/2025 03:06:10 am,0,8
04/12/2025 03:17:48 am,0,8
04/12/2025 03:42:05 am,0,8
04/12/2025 04:04:46 am,0,8
04/12/2025 04:20:39 am,1,8
04/12/2025 04:39:30 am,1,8
04/12/2025 04:58:31 am,2,8
04/12/2025 05:08:17 am,2,8
04/12/2025 05:17:56 am,2,8
04/12/2025 06:22:19 am,4,8
04/12/2025 08:13:18 am,1,11
04/12/2025 09:14:07 am,1,1
04/12/2025 09:37:32 am,1,1
04/12/2025 10:12:12 am,1,1
04/12/2025 10:26:18 am,1,1
04/12/2025 10:42:38 am,1,1
04/12/2025 11:05:04 am,1,1
04/12/2025 11:20:35 am,1,1
04/12/2025 11:48:18 am,1,1
04/12/2025 12:22:08 pm,1,1
04/12/2025 12:43:59 pm,1,1
04/12/2025 01:03:15 pm,1,1
04/12/2025 01:19:04 pm,1,1
04/12/2025 01:47:12 pm,1,1
04/12/2025 02:19:17 pm,1,1
04/12/2025 02:46:02 pm,1,1
04/12/2025 03:09:38 pm,1,1
04/12/2025 03:22:37 pm,1,1
04/12/2025 03:44:02 pm,1,1
04/12/2025 04:12:04 pm,1,1
04/12/2025 04:24:55 pm,1,1
04/12/2025 04:41:34 pm,1,1
04/12/2025 05:00:32 pm,1,1
04/12/2025 05:11:47 pm,1,1
04/12/2025 05:19:12 pm,1,1
04/12/2025 05:52:56 pm,1,1
04/12/2025 06:40:12 pm,1,0
04/12/2025 07:18:37 pm,0,0
04/12/2025 07:43:19 pm,3,0
04/12/2025 08:08:35 pm,0,0
04/12/2025 08:24:52 pm,0,0
04/12/2025 08:43:51 pm,0,0
04/12/2025 09:07:27 pm,0,0
04/12/2025 09:23:20 pm,1,0
04/12/2025 09:45:58 pm,0,0
04/12/2025 10:17:38 pm,0,0
04/12/2025 10:45:12 pm,0,0
04/12/2025 11:08:17 pm,0,0
04/12/2025 11:22:26 pm,1,0
04/12/2025 11:48:12 pm,2,0
05/12/2025 12:23:01 am,0,3
05/12/2025 12:59:58 am,1,4
05/12/2025 01:10:48 am,1,3
05/12/2025 01:17:45 am,1,3
05/12/2025 01:43:23 am,1,3
05/12/2025 02:06:39 am,1,3
05/12/2025 02:22:52 am,1,3
05/12/2025 02:40:59 am,1,3
05/12/2025 03:00:34 am,1,4
05/12/2025 03:11:39 am,1,4
05/12/2025 03:18:54 am,1,4
05/12/2025 03:39:42 am,1,4
05/12/2025 04:02:34 am,1,4
05/12/2025 04:18:46 am,2,4
05/12/2025 04:41:06 am,1,4
05/12/2025 05:00:39 am,1,4
05/12/2025 05:10:59 am,1,4
05/12/2025 05:18:26 am,1,4
05/12/2025 06:22:12 am,1,4
05/12/2025 11:48:39 am,0,6
05/12/2025 12:22:06 pm,0,6
05/12/2025 12:44:14 pm,0,6
05/12/2025 01:03:52 pm,0,6
05/12/2025 01:18:38 pm,0,6
05/12/2025 01:46:02 pm,0,6
05/12/2025 02:13:57 pm,0,6
05/12/2025 02:27:36 pm,0,6
05/12/2025 02:46:51 pm,0,6
05/12/2025 03:11:09 pm,0,5
05/12/2025 03:20:17 pm,0,5
05/12/2025 03:43:03 pm,0,5
05/12/2025 04:07:39 pm,0,5
05/12/2025 04:22:20 pm,0,5
05/12/2025 04:41:20 pm,0,5
05/12/2025 04:59:17 pm,0,5
05/12/2025 05:09:07 pm,0,5
05/12/2025 05:18:01 pm,0,5
05/12/2025 05:52:06 pm,0,5
05/12/2025 06:36:56 pm,0,1
05/12/2025 07:13:33 pm,0,0
05/12/2025 07:24:37 pm,0,0
05/12/2025 07:42:10 pm,0,0
05/12/2025 08:06:02 pm,0,0
05/12/2025 08:20:55 pm,0,0
05/12/2025 08:42:41 pm,0,1
05/12/2025 09:05:34 pm,0,1
05/12/2025 09:22:18 pm,0,1
05/12/2025 09:44:36 pm,0,1
05/12/2025 10:13:58 pm,0,1
05/12/2025 10:27:31 pm,1,0
05/12/2025 10:44:29 pm,0,0
05/12/2025 11:03:47 pm,0,0
05/12/2025 11:19:20 pm,0,0
05/12/2025 11:44:56 pm,0,0
06/12/2025 12:14:19 am,1,0
06/12/2025 12:26:31 am,1,0
06/12/2025 12:40:21 am,1,0
06/12/2025 12:57:23 am,0,0
06/12/2025 01:05:41 am,0,0
06/12/2025 01:17:07 am,0,0
06/12/2025 01:43:11 am,0,0
06/12/2025 02:06:01 am,0,0
06/12/2025 02:21:09 am,0,0
06/12/2025 02:40:39 am,0,0
06/12/2025 03:09:58 am,0,0
06/12/2025 03:18:07 am,0,0
06/12/2025 03:41:11 am,0,0
06/12/2025 04:03:19 am,0,0
06/12/2025 04:17:13 am,0,0
06/12/2025 04:41:27 am,0,0
06/12/2025 04:59:47 am,0,0
06/12/2025 05:09:34 am,0,0
06/12/2025 05:17:39 am,0,0
06/12/2025 06:18:54 am,0,0
06/12/2025 07:55:07 am,0,0
06/12/2025 09:00:26 am,0,0
06/12/2025 09:24:00 am,0,0
06/12/2025 09:42:56 am,0,0
06/12/2025 10:05:39 am,0,0
06/12/2025 10:20:42 am,0,0
06/12/2025 10:41:23 am,0,0
06/12/2025 11:02:59 am,0,0
06/12/2025 11:18:20 am,0,0
06/12/2025 11:45:57 am,0,0
06/12/2025 12:14:34 pm,0,0
06/12/2025 12:25:03 pm,0,0
06/12/2025 12:40:54 pm,0,0
06/12/2025 12:58:15 pm,0,0
06/12/2025 01:06:53 pm,0,0
06/12/2025 01:17:37 pm,0,0
06/12/2025 01:44:10 pm,0,0
06/12/2025 02:07:52 pm,0,0
06/12/2025 02:22:52 pm,0,0
06/12/2025 02:41:04 pm,0,0
06/12/2025 03:00:27 pm,0,0
06/12/2025 03:10:05 pm,0,0
06/12/2025 03:17:06 pm,0,0
06/12/2025 03:41:08 pm,0,0
06/12/2025 04:03:53 pm,0,0
06/12/2025 04:18:17 pm,0,0
06/12/2025 04:38:53 pm,0,0
06/12/2025 04:55:42 pm,0,0
06/12/2025 05:02:52 pm,0,0
06/12/2025 05:17:43 pm,0,0
06/12/2025 05:49:13 pm,0,0
06/12/2025 06:31:30 pm,0,0
06/12/2025 07:05:47 pm,0,0
06/12/2025 07:17:55 pm,0,0
06/12/2025 07:39:46 pm,0,0
06/12/2025 08:00:11 pm,0,0
06/12/2025 08:10:37 pm,0,0
06/12/2025 08:17:54 pm,0,0
06/12/2025 08:40:01 pm,0,0
06/12/2025 08:59:19 pm,0,0
06/12/2025 09:08:46 pm,0,0
06/12/2025 09:17:18 pm,0,0
06/12/2025 09:42:24 pm,0,0
06/12/2025 10:06:22 pm,0,0
06/12/2025 10:21:47 pm,0,0
06/12/2025 10:39:21 pm,1,0
06/12/2025 10:59:06 pm,1,0
06/12/2025 11:08:58 pm,1,0
06/12/2025 11:17:19 pm,1,0
06/12/2025 11:44:57 pm,0,0
07/12/2025 12:11:35 am,0,0
07/12/2025 12:22:36 am,0,0
07/12/2025 12:38:26 am,0,0
07/12/2025 12:54:10 am,0,0
07/12/2025 01:02:52 am,0,0
07/12/2025 01:17:06 am,0,0
07/12/2025 01:41:39 am,0,0
07/12/2025 02:02:25 am,0,0
07/12/2025 02:17:45 am,0,0
07/12/2025 02:39:32 am,0,0
07/12/2025 02:57:55 am,0,0
07/12/2025 03:06:31 am,0,0
07/12/2025 03:17:42 am,0,0
07/12/2025 03:40:26 am,0,0
07/12/2025 04:01:47 am,1,0
07/12/2025 04:17:54 am,1,0
07/12/2025 04:40:44 am,1,0
07/12/2025 04:58:40 am,1,0
07/12/2025 05:08:11 am,1,0
07/12/2025 05:17:38 am,1,0
07/12/2025 06:27:18 am,1,0
07/12/2025 08:23:47 am,1,0
07/12/2025 09:23:51 am,0,0
07/12/2025 09:55:53 am,0,0
07/12/2025 10:18:57 am,0,0
07/12/2025 10:40:44 am,0,0
07/12/2025 11:01:45 am,0,0
07/12/2025 11:17:16 am,0,0
07/12/2025 11:45:43 am,0,0
07/12/2025 12:14:18 pm,0,0
07/12/2025 12:24:42 pm,0,0
07/12/2025 12:41:13 pm,0,0
07/12/2025 12:58:20 pm,0,0
07/12/2025 01:06:56 pm,0,0
07/12/2025 01:17:41 pm,0,0
07/12/2025 01:43:51 pm,0,0
07/12/2025 02:06:49 pm,0,0
07/12/2025 02:21:54 pm,0,0
07/12/2025 02:40:58 pm,0,0
07/12/2025 03:00:04 pm,0,0
07/12/2025 03:10:15 pm,0,0
07/12/2025 03:17:39 pm,0,0
07/12/2025 03:40:31 pm,0,0
07/12/2025 04:02:19 pm,0,0
07/12/2025 04:17:42 pm,0,0
07/12/2025 04:38:46 pm,0,0
07/12/2025 04:55:06 pm,0,0
07/12/2025 05:02:50 pm,0,0
07/12/2025 05:17:39 pm,0,0
07/12/2025 05:48:50 pm,0,0
07/12/2025 06:30:26 pm,0,0
07/12/2025 06:56:22 pm,0,0
07/12/2025 07:10:50 pm,0,0
07/12/2025 07:17:27 pm,0,0
07/12/2025 07:40:10 pm,0,0
07/12/2025 08:00:47 pm,0,0
07/12/2025 08:11:43 pm,0,0
07/12/2025 08:18:14 pm,0,0
07/12/2025 08:39:30 pm,0,0
07/12/2025 08:58:17 pm,0,0
07/12/2025 09:07:01 pm,0,0
07/12/2025 09:17:38 pm,0,0
07/12/2025 09:41:59 pm,0,0
07/12/2025 10:05:51 pm,0,0
07/12/2025 10:21:16 pm,0,0
07/12/2025 10:39:16 pm,0,0
07/12/2025 10:58:26 pm,0,0
07/12/2025 11:08:11 pm,0,0
07/12/2025 11:17:16 pm,0,0
07/12/2025 11:45:06 pm,0,0
08/12/2025 12:11:32 am,0,0
08/12/2025 12:22:08 am,0,0
08/12/2025 12:38:21 am,0,0
08/12/2025 12:54:30 am,0,0
08/12/2025 01:03:09 am,0,0
08/12/2025 01:17:28 am,0,0
08/12/2025 01:41:40 am,0,0
08/12/2025 02:02:33 am,0,0
08/12/2025 02:18:09 am,0,0
08/12/2025 02:39:16 am,0,0
08/12/2025 02:57:01 am,0,0
08/12/2025 03:04:44 am,0,0
08/12/2025 03:17:38 am,0,0
08/12/2025 03:40:16 am,0,0
08/12/2025 04:01:28 am,0,0
08/12/2025 04:17:42 am,0,0
08/12/2025 04:40:31 am,0,0
08/12/2025 04:57:58 am,0,0
08/12/2025 05:07:03 am,0,0
08/12/2025 05:17:30 am,0,0
08/12/2025 06:22:52 am,0,0
08/12/2025 08:15:19 am,0,0
08/12/2025 09:16:59 am,0,0
08/12/2025 09:55:36 am,0,0
08/12/2025 10:21:25 am,0,0
08/12/2025 10:44:37 am,0,0
08/12/2025 11:08:10 am,0,0
08/12/2025 11:22:17 am,0,0
08/12/2025 11:49:56 am,0,0
08/12/2025 12:25:04 pm,0,0
08/12/2025 12:46:44 pm,0,0
08/12/2025 01:11:51 pm,0,0
08/12/2025 01:21:02 pm,0,0
08/12/2025 01:48:53 pm,0,0
08/12/2025 02:21:18 pm,0,0
08/12/2025 02:48:42 pm,0,0
08/12/2025 03:17:30 pm,0,0
08/12/2025 03:44:10 pm,0,0
08/12/2025 04:12:35 pm,0,0
08/12/2025 04:25:11 pm,0,0
08/12/2025 04:41:08 pm,0,0
08/12/2025 05:00:06 pm,0,0
08/12/2025 05:11:04 pm,0,0
08/12/2025 05:19:02 pm,0,0
08/12/2025 05:52:01 pm,0,0
08/12/2025 06:38:57 pm,0,0
08/12/2025 07:16:25 pm,0,0
08/12/2025 07:42:24 pm,0,0
08/12/2025 08:07:59 pm,0,0
08/12/2025 08:23:50 pm,0,0
08/12/2025 08:42:59 pm,0,0
08/12/2025 09:05:28 pm,0,0
08/12/2025 09:20:25 pm,0,0
08/12/2025 09:45:08 pm,0,0
08/12/2025 10:15:37 pm,0,0
08/12/2025 10:30:06 pm,0,1
08/12/2025 10:51:01 pm,2,1
08/12/2025 11:11:49 pm,1,1
08/12/2025 11:20:54 pm,0,1
08/12/2025 11:48:09 pm,0,2
09/12/2025 12:20:40 am,0,2
09/12/2025 12:40:07 am,0,2
09/12/2025 12:58:01 am,0,2
09/12/2025 01:07:23 am,0,2
09/12/2025 01:17:54 am,0,2
09/12/2025 01:43:12 am,2,2
09/12/2025 02:06:13 am,2,2
09/12/2025 02:22:38 am,2,2
09/12/2025 02:40:52 am,1,2
09/12/2025 02:56:47 am,0,2
09/12/2025 03:06:31 am,5,2
09/12/2025 03:17:19 am,2,6
09/12/2025 03:41:22 am,2,6
09/12/2025 04:04:04 am,2,6
09/12/2025 04:20:16 am,2,6
09/12/2025 04:41:04 am,0,6
09/12/2025 05:00:24 am,1,6
09/12/2025 05:11:03 am,1,6
09/12/2025 05:17:34 am,1,6
09/12/2025 06:22:15 am,2,6
09/12/2025 08:01:38 am,0,11
09/12/2025 09:12:04 am,0,11
09/12/2025 09:35:04 am,0,11
09/12/2025 10:10:44 am,0,11
09/12/2025 10:25:06 am,0,11
09/12/2025 10:42:35 am,0,11
09/12/2025 11:05:08 am,0,11
09/12/2025 11:20:44 am,0,11
09/12/2025 11:48:38 am,0,11
09/12/2025 12:23:22 pm,0,5
09/12/2025 12:45:11 pm,0,5
09/12/2025 01:04:39 pm,0,5
09/12/2025 01:19:22 pm,0,5
09/12/2025 01:47:05 pm,0,5
09/12/2025 02:20:16 pm,0,5
09/12/2025 02:45:22 pm,0,5
09/12/2025 03:07:52 pm,0,5
09/12/2025 03:22:17 pm,0,5
09/12/2025 03:44:02 pm,0,5
09/12/2025 04:12:04 pm,1,5
09/12/2025 04:24:40 pm,1,5
09/12/2025 04:41:25 pm,1,5
09/12/2025 05:00:24 pm,1,5
09/12/2025 05:11:12 pm,1,5
09/12/2025 05:18:47 pm,0,6
09/12/2025 05:52:31 pm,0,6
09/12/2025 06:40:13 pm,0,5
09/12/2025 07:17:13 pm,0,5
09/12/2025 07:43:42 pm,0,5
09/12/2025 08:10:37 pm,0,5
09/12/2025 08:25:44 pm,0,5
09/12/2025 08:43:40 pm,0,5
09/12/2025 09:07:07 pm,1,5
09/12/2025 09:21:39 pm,0,5
09/12/2025 09:45:37 pm,0,5
09/12/2025 10:14:55 pm,0,5
09/12/2025 10:29:46 pm,0,5
09/12/2025 10:50:25 pm,0,5
09/12/2025 11:12:34 pm,2,5
09/12/2025 11:22:34 pm,0,5
09/12/2025 11:44:50 pm,0,5
10/12/2025 12:15:10 am,1,6
10/12/2025 12:27:36 am,1,6
10/12/2025 12:41:45 am,2,6
10/12/2025 12:54:43 am,3,6
10/12/2025 01:03:21 am,2,6
10/12/2025 01:17:53 am,2,6
10/12/2025 01:42:01 am,2,6
10/12/2025 02:02:25 am,2,6
10/12/2025 02:17:12 am,2,7
10/12/2025 02:40:21 am,1,10
10/12/2025 03:00:11 am,1,10
10/12/2025 03:10:42 am,1,10
10/12/2025 03:17:48 am,1,10
10/12/2025 03:42:09 am,1,10
10/12/2025 04:02:23 am,0,10
10/12/2025 04:18:49 am,0,10
10/12/2025 04:41:43 am,0,10
10/12/2025 05:00:18 am,0,10
10/12/2025 05:09:23 am,1,10
10/12/2025 05:17:42 am,1,10
10/12/2025 06:23:40 am,1,12
10/12/2025 08:16:49 am,0,11
10/12/2025 09:21:14 am,0,6
10/12/2025 09:55:03 am,0,6
10/12/2025 10:20:43 am,0,6
10/12/2025 10:44:15 am,0,6
10/12/2025 11:06:45 am,0,6
10/12/2025 11:21:49 am,0,6
10/12/2025 11:48:57 am,0,6
10/12/2025 12:23:46 pm,0,6
10/12/2025 12:45:22 pm,0,6
10/12/2025 01:05:21 pm,0,6
10/12/2025 01:20:38 pm,0,6
10/12/2025 01:46:30 pm,0,6
10/12/2025 02:19:32 pm,0,6
10/12/2025 02:45:36 pm,0,6
10/12/2025 03:09:18 pm,0,6
10/12/2025 03:23:08 pm,0,6
10/12/2025 03:43:59 pm,0,0
10/12/2025 04:13:07 pm,0,0
10/12/2025 04:26:22 pm,0,0
10/12/2025 04:42:00 pm,0,0
10/12/2025 05:00:07 pm,0,0
10/12/2025 05:11:18 pm,0,0
10/12/2025 05:19:44 pm,0,0
10/12/2025 05:52:33 pm,0,0
10/12/2025 06:40:44 pm,2,0
10/12/2025 07:18:42 pm,0,0
10/12/2025 07:44:57 pm,0,0
10/12/2025 08:12:37 pm,0,0
10/12/2025 08:27:32 pm,0,0
10/12/2025 08:48:20 pm,0,0
10/12/2025 09:13:49 pm,0,0
10/12/2025 09:24:49 pm,0,0
10/12/2025 09:47:14 pm,0,0
10/12/2025 10:20:02 pm,0,0
10/12/2025 11:09:00 pm,0,0
10/12/2025 11:22:48 pm,0,1
10/12/2025 11:47:49 pm,0,1
11/12/2025 12:21:08 am,1,4
11/12/2025 12:41:00 am,0,4
11/12/2025 12:59:18 am,1,6
11/12/2025 01:09:46 am,1,6
11/12/2025 01:17:51 am,0,7
11/12/2025 01:43:50 am,0,7
11/12/2025 02:09:20 am,0,7
11/12/2025 02:24:19 am,0,7
11/12/2025 02:42:51 am,0,7
11/12/2025 03:05:14 am,2,11
11/12/2025 03:20:21 am,0,11
11/12/2025 03:41:54 am,0,11
11/12/2025 04:04:48 am,0,11
11/12/2025 04:21:37 am,0,11
11/12/2025 04:39:51 am,0,13
11/12/2025 04:59:38 am,0,13
11/12/2025 05:09:58 am,2,13
11/12/2025 05:17:46 am,3,13
11/12/2025 08:18:24 am,0,18
11/12/2025 09:23:18 am,0,0
11/12/2025 09:57:57 am,0,0
11/12/2025 10:24:07 am,0,0
11/12/2025 10:45:09 am,0,0
11/12/2025 11:10:09 am,0,0
11/12/2025 11:22:49 am,1,0
11/12/2025 11:49:21 am,1,0
11/12/2025 12:24:49 pm,1,0
11/12/2025 12:47:46 pm,1,0
11/12/2025 01:11:33 pm,1,0
11/12/2025 01:20:18 pm,1,0
11/12/2025 01:47:40 pm,1,0
11/12/2025 02:19:59 pm,1,0
11/12/2025 02:47:14 pm,1,0
11/12/2025 03:14:41 pm,1,0
11/12/2025 03:25:13 pm,1,0
11/12/2025 03:43:56 pm,1,0
11/12/2025 04:13:12 pm,1,0
11/12/2025 04:26:03 pm,1,0
11/12/2025 04:41:17 pm,1,0
11/12/2025 05:00:35 pm,1,0
11/12/2025 05:12:08 pm,1,0
11/12/2025 05:20:00 pm,1,0
11/12/2025 05:53:25 pm,1,0
11/12/2025 06:41:41 pm,0,0
11/12/2025 07:20:29 pm,0,0
11/12/2025 07:45:12 pm,0,0
11/12/2025 08:07:06 pm,0,0
11/12/2025 08:23:45 pm,0,0
11/12/2025 08:43:43 pm,0,0
11/12/2025 09:09:35 pm,0,0
11/12/2025 09:25:03 pm,0,0
11/12/2025 09:46:52 pm,0,0
11/12/2025 10:24:19 pm,1,0
11/12/2025 10:48:35 pm,2,1
11/12/2025 11:22:02 pm,0,6
11/12/2025 11:45:29 pm,1,6
12/12/2025 12:19:17 am,0,6
12/12/2025 01:01:48 am,1,6
12/12/2025 01:19:09 am,3,6
12/12/2025 02:05:40 am,3,7
12/12/2025 02:19:51 am,4,8
12/12/2025 02:43:14 am,4,8
12/12/2025 03:03:40 am,6,8
12/12/2025 03:18:20 am,6,8
12/12/2025 03:41:40 am,5,8
12/12/2025 04:41:38 am,6,11
12/12/2025 05:00:52 am,5,11
12/12/2025 05:12:17 am,5,11
12/12/2025 06:23:28 am,5,12
12/12/2025 08:17:31 am,0,15
12/12/2025 09:23:08 am,0,15
12/12/2025 09:55:42 am,0,15
12/12/2025 10:21:26 am,0,15
12/12/2025 10:44:00 am,0,15
12/12/2025 11:07:06 am,0,15
12/12/2025 11:22:15 am,0,15
12/12/2025 11:48:51 am,0,6
12/12/2025 12:24:08 pm,0,6
12/12/2025 12:45:54 pm,0,6
12/12/2025 01:05:46 pm,0,6
12/12/2025 01:19:52 pm,0,6
12/12/2025 01:47:02 pm,0,6
12/12/2025 02:21:12 pm,1,6
12/12/2025 02:46:39 pm,1,6
12/12/2025 03:14:05 pm,1,6
12/12/2025 03:25:08 pm,1,6
12/12/2025 03:43:25 pm,1,6
12/12/2025 04:10:03 pm,1,6
12/12/2025 04:24:03 pm,1,6
12/12/2025 04:41:57 pm,1,6
12/12/2025 05:01:13 pm,1,4
12/12/2025 05:19:06 pm,1,2
12/12/2025 05:51:47 pm,1,2
12/12/2025 06:38:58 pm,0,2
12/12/2025 07:16:22 pm,0,0
12/12/2025 07:42:30 pm,0,0
12/12/2025 08:05:40 pm,0,0
12/12/2025 08:19:47 pm,0,0
12/12/2025 08:43:16 pm,0,0
12/12/2025 09:05:47 pm,0,0
12/12/2025 09:22:26 pm,0,0
12/12/2025 09:43:20 pm,1,0
12/12/2025 10:11:43 pm,0,0
12/12/2025 10:23:08 pm,0,0
12/12/2025 10:41:25 pm,0,0
12/12/2025 11:04:03 pm,0,0
12/12/2025 11:20:34 pm,1,0
12/12/2025 11:47:34 pm,0,0
13/12/2025 12:21:41 am,0,0
13/12/2025 12:40:43 am,0,0
13/12/2025 12:58:13 am,0,0
13/12/2025 01:07:33 am,0,0
13/12/2025 01:17:19 am,0,0
13/12/2025 01:43:05 am,0,0
13/12/2025 02:05:33 am,0,0
13/12/2025 02:22:19 am,0,0
13/12/2025 03:00:07 am,1,8
13/12/2025 03:09:20 am,1,8
13/12/2025 03:17:44 am,1,8
13/12/2025 03:41:43 am,1,8
13/12/2025 04:04:04 am,2,8
13/12/2025 04:20:04 am,2,8
13/12/2025 04:41:45 am,2,8
13/12/2025 05:00:43 am,2,8
13/12/2025 05:11:27 am,2,8
13/12/2025 05:18:34 am,3,8
13/12/2025 06:19:48 am,4,8
13/12/2025 07:58:02 am,0,13
13/12/2025 09:06:22 am,0,13
13/12/2025 09:32:57 am,0,13
13/12/2025 10:09:02 am,0,13
13/12/2025 10:23:07 am,0,13
13/12/2025 10:41:57 am,0,13
13/12/2025 11:05:04 am,0,13
13/12/2025 11:20:25 am,0,13
13/12/2025 11:46:21 am,0,13
13/12/2025 12:19:38 pm,4,13
13/12/2025 12:40:11 pm,0,17
13/12/2025 01:01:39 pm,0,17
13/12/2025 01:17:39 pm,0,17
13/12/2025 01:44:12 pm,0,17
13/12/2025 02:09:00 pm,0,17
13/12/2025 02:23:21 pm,0,17
13/12/2025 02:41:12 pm,0,17
13/12/2025 03:00:53 pm,0,17
13/12/2025 03:11:28 pm,0,17
13/12/2025 03:17:59 pm,0,17
13/12/2025 03:41:12 pm,0,17
13/12/2025 04:04:05 pm,0,17
13/12/2025 04:19:26 pm,0,17
13/12/2025 04:39:21 pm,0,17
13/12/2025 04:56:16 pm,0,17
13/12/2025 05:03:20 pm,0,15
13/12/2025 05:17:42 pm,0,13
13/12/2025 05:49:29 pm,0,13
13/12/2025 06:32:46 pm,0,12
13/12/2025 07:06:32 pm,0,12
13/12/2025 07:18:51 pm,0,12
13/12/2025 07:40:07 pm,0,12
13/12/2025 08:01:42 pm,0,12
13/12/2025 08:18:28 pm,0,12
13/12/2025 08:41:03 pm,1,10
13/12/2025 09:00:10 pm,2,10
13/12/2025 09:10:21 pm,1,12
13/12/2025 09:17:54 pm,1,12
13/12/2025 09:42:59 pm,0,13
13/12/2025 10:08:02 pm,0,13
13/12/2025 10:22:50 pm,0,13
13/12/2025 10:39:45 pm,0,13
13/12/2025 10:59:50 pm,0,13
13/12/2025 11:09:35 pm,0,13
13/12/2025 11:45:03 pm,0,13
14/12/2025 12:11:40 am,0,13
14/12/2025 12:23:10 am,0,13
14/12/2025 12:38:24 am,0,13
14/12/2025 12:54:41 am,0,13
14/12/2025 01:03:22 am,0,13
14/12/2025 01:17:06 am,0,13
14/12/2025 01:41:50 am,0,13
14/12/2025 02:02:52 am,1,13
14/12/2025 02:18:53 am,2,13
14/12/2025 02:39:42 am,2,13
14/12/2025 02:58:06 am,2,13
14/12/2025 03:07:19 am,2,13
14/12/2025 03:17:44 am,2,13
14/12/2025 03:40:12 am,2,13
14/12/2025 04:02:20 am,3,13
14/12/2025 04:40:54 am,3,13
14/12/2025 04:59:15 am,4,13
14/12/2025 05:09:06 am,4,13
14/12/2025 05:17:54 am,4,13
14/12/2025 06:28:04 am,4,13
14/12/2025 08:25:59 am,0,17
14/12/2025 09:26:19 am,0,17
14/12/2025 09:59:41 am,0,17
14/12/2025 10:23:36 am,0,17
14/12/2025 10:42:41 am,0,17
14/12/2025 11:04:29 am,0,17
14/12/2025 11:19:51 am,0,17
14/12/2025 11:46:55 am,0,17
14/12/2025 12:19:22 pm,0,17
14/12/2025 12:41:38 pm,0,17
14/12/2025 12:59:52 pm,0,17
14/12/2025 01:09:24 pm,0,17
14/12/2025 01:17:54 pm,0,17
14/12/2025 01:44:36 pm,0,17
14/12/2025 02:09:25 pm,0,17
14/12/2025 02:23:24 pm,0,17
14/12/2025 02:41:32 pm,1,17
14/12/2025 03:01:24 pm,1,17
14/12/2025 03:17:42 pm,1,17
14/12/2025 03:41:25 pm,1,17
14/12/2025 04:04:30 pm,0,9
14/12/2025 04:19:48 pm,0,9
14/12/2025 04:39:55 pm,0,8
14/12/2025 04:56:34 pm,0,8
14/12/2025 05:03:57 pm,0,8
14/12/2025 05:17:23 pm,0,8
14/12/2025 05:49:39 pm,0,8
14/12/2025 06:32:31 pm,0,8
14/12/2025 07:06:47 pm,1,8
14/12/2025 07:19:17 pm,1,8
14/12/2025 07:40:32 pm,1,8
14/12/2025 08:01:43 pm,1,8
14/12/2025 08:18:30 pm,2,8
14/12/2025 08:40:56 pm,2,8
14/12/2025 09:00:17 pm,2,8
14/12/2025 09:10:31 pm,2,8
14/12/2025 09:17:48 pm,2,8
14/12/2025 09:42:45 pm,0,8
14/12/2025 10:07:31 pm,0,8
14/12/2025 10:23:05 pm,0,8
14/12/2025 10:39:42 pm,0,8
14/12/2025 11:00:12 pm,0,8
14/12/2025 11:11:15 pm,0,8
14/12/2025 11:18:00 pm,0,8
14/12/2025 11:45:41 pm,0,8
15/12/2025 12:14:01 am,0,8
15/12/2025 12:25:15 am,0,8
15/12/2025 12:38:37 am,0,8
15/12/2025 12:55:34 am,0,8
15/12/2025 01:03:16 am,0,8
15/12/2025 01:17:37 am,0,7
15/12/2025 01:41:45 am,0,7
15/12/2025 02:03:45 am,0,7
15/12/2025 02:19:40 am,0,7
15/12/2025 02:39:56 am,0,7
15/12/2025 02:59:19 am,0,7
15/12/2025 03:08:43 am,0,7
15/12/2025 03:17:33 am,0,7
15/12/2025 03:40:43 am,0,7
15/12/2025 04:01:53 am,1,7
15/12/2025 04:18:22 am,1,7
15/12/2025 04:40:34 am,1,7
15/12/2025 04:59:08 am,1,7
15/12/2025 05:08:53 am,1,7
15/12/2025 05:17:41 am,1,7
15/12/2025 06:26:21 am,0,6
15/12/2025 08:23:54 am,0,6
15/12/2025 09:30:47 am,0,6
15/12/2025 10:12:42 am,0,6
15/12/2025 10:32:44 am,0,6
15/12/2025 11:09:53 am,0,6
15/12/2025 11:23:35 am,0,6
15/12/2025 11:50:20 am,0,6
15/12/2025 12:25:38 pm,0,6
15/12/2025 12:47:20 pm,0,6
15/12/2025 01:12:52 pm,0,6
15/12/2025 01:22:14 pm,0,6
15/12/2025 01:49:02 pm,0,6
15/12/2025 02:22:53 pm,0,6
15/12/2025 02:51:56 pm,0,6
15/12/2025 03:21:55 pm,0,6
15/12/2025 03:45:51 pm,0,6
15/12/2025 04:17:10 pm,0,6
15/12/2025 04:42:02 pm,0,6
15/12/2025 05:01:52 pm,0,6
15/12/2025 05:19:22 pm,0,6
15/12/2025 05:53:36 pm,0,6
15/12/2025 06:42:50 pm,0,6
15/12/2025 07:22:07 pm,0,6
15/12/2025 07:46:14 pm,0,6
15/12/2025 08:17:24 pm,0,6
15/12/2025 08:46:44 pm,0,6
15/12/2025 09:15:55 pm,0,6
15/12/2025 09:28:55 pm,1,6
15/12/2025 09:57:01 pm,1,6
15/12/2025 10:25:41 pm,0,6
15/12/2025 10:48:06 pm,1,7
15/12/2025 11:15:43 pm,0,7
15/12/2025 11:26:24 pm,1,7
15/12/2025 11:49:08 pm,0,8
16/12/2025 12:23:01 am,1,9
16/12/2025 12:43:15 am,1,11
16/12/2025 01:01:40 am,0,11
16/12/2025 01:18:04 am,1,11
16/12/2025 01:43:35 am,3,11
16/12/2025 02:07:25 am,3,11
16/12/2025 02:23:39 am,3,11
16/12/2025 02:41:59 am,5,11
16/12/2025 03:02:32 am,9,11
16/12/2025 03:19:59 am,2,11
16/12/2025 03:41:50 am,2,11
16/12/2025 04:05:34 am,3,11
16/12/2025 04:21:34 am,3,11
16/12/2025 04:41:58 am,3,11
16/12/2025 05:01:30 am,2,11
16/12/2025 05:19:02 am,0,13
16/12/2025 06:24:19 am,1,13
16/12/2025 08:18:22 am,0,16
16/12/2025 09:23:49 am,0,16
16/12/2025 09:57:41 am,0,15
16/12/2025 10:23:46 am,0,13
16/12/2025 10:45:37 am,0,13
16/12/2025 11:09:44 am,1,13
16/12/2025 11:22:51 am,1,13
16/12/2025 11:49:03 am,0,14
16/12/2025 12:24:33 pm,1,7
16/12/2025 12:46:24 pm,1,7
16/12/2025 01:12:13 pm,1,7
16/12/2025 01:21:10 pm,1,7
16/12/2025 01:47:47 pm,1,7
16/12/2025 02:21:34 pm,1,7
16/12/2025 02:47:54 pm,1,7
16/12/2025 03:15:41 pm,1,7
16/12/2025 03:26:46 pm,0,7
16/12/2025 04:14:10 pm,0,7
16/12/2025 04:26:50 pm,0,7
16/12/2025 04:42:51 pm,0,7
16/12/2025 05:02:13 pm,0,7
16/12/2025 05:19:19 pm,0,7
16/12/2025 05:53:20 pm,0,7
16/12/2025 06:40:50 pm,1,7
16/12/2025 07:19:37 pm,0,8
16/12/2025 07:45:16 pm,0,8
16/12/2025 08:14:36 pm,0,8
16/12/2025 08:28:26 pm,2,8
16/12/2025 08:50:37 pm,0,8
16/12/2025 09:13:20 pm,0,8
16/12/2025 09:24:17 pm,1,8
16/12/2025 09:45:56 pm,0,8
16/12/2025 10:18:12 pm,0,8
16/12/2025 10:46:50 pm,0,8
16/12/2025 11:15:53 pm,1,8
16/12/2025 11:26:28 pm,2,8
16/12/2025 11:48:34 pm,0,11
17/12/2025 12:22:46 am,3,13
17/12/2025 12:43:11 am,2,16
17/12/2025 01:00:25 am,3,16
17/12/2025 01:10:51 am,0,16
17/12/2025 01:18:22 am,0,17
17/12/2025 01:44:13 am,1,16
17/12/2025 02:07:20 am,3,16
17/12/2025 02:23:05 am,6,16
17/12/2025 02:42:42 am,1,19
17/12/2025 03:02:38 am,1,19
17/12/2025 03:19:22 am,4,20
17/12/2025 03:42:16 am,1,20
17/12/2025 04:03:27 am,0,20
17/12/2025 04:20:06 am,0,20
17/12/2025 04:41:14 am,1,20
17/12/2025 05:00:57 am,0,20
17/12/2025 05:12:14 am,1,20
17/12/2025 05:19:31 am,1,20
17/12/2025 06:18:39 am,0,20
17/12/2025 08:14:34 am,2,17
17/12/2025 09:15:35 am,0,19
17/12/2025 09:50:32 am,2,19
17/12/2025 10:20:54 am,0,19
17/12/2025 10:45:00 am,1,19
17/12/2025 11:09:12 am,0,19
17/12/2025 11:21:58 am,1,19
17/12/2025 11:48:41 am,0,20
17/12/2025 12:23:56 pm,1,16
17/12/2025 12:45:36 pm,0,16
17/12/2025 01:04:50 pm,0,14
17/12/2025 01:20:27 pm,0,10
17/12/2025 01:47:27 pm,0,10
17/12/2025 02:21:17 pm,0,10
17/12/2025 02:48:38 pm,0,10
17/12/2025 03:16:58 pm,0,10
17/12/2025 03:43:44 pm,0,10
17/12/2025 04:26:04 pm,0,10
17/12/2025 04:41:46 pm,0,10
17/12/2025 05:01:42 pm,0,10
17/12/2025 05:19:19 pm,0,10
17/12/2025 05:52:28 pm,0,8
17/12/2025 06:40:40 pm,1,8
17/12/2025 07:15:12 pm,0,8
17/12/2025 07:26:47 pm,0,8
17/12/2025 07:45:11 pm,0,8
17/12/2025 08:12:47 pm,0,6
17/12/2025 08:27:41 pm,0,6
17/12/2025 08:47:18 pm,0,6
17/12/2025 09:15:02 pm,0,6
17/12/2025 09:28:08 pm,0,6
17/12/2025 09:51:57 pm,0,6
17/12/2025 10:21:24 pm,0,6
17/12/2025 10:46:44 pm,3,7
17/12/2025 11:14:32 pm,0,7
17/12/2025 11:24:32 pm,0,7
17/12/2025 11:48:39 pm,3,8
18/12/2025 12:23:08 am,0,12
18/12/2025 12:43:20 am,1,12
18/12/2025 01:00:48 am,0,12
18/12/2025 01:11:12 am,1,12
18/12/2025 01:17:23 am,3,12
18/12/2025 01:43:47 am,4,12
18/12/2025 02:07:40 am,0,16
18/12/2025 02:23:19 am,1,16
18/12/2025 02:41:58 am,0,19
18/12/2025 03:02:42 am,0,19
18/12/2025 03:19:27 am,0,19
18/12/2025 03:41:29 am,3,19
18/12/2025 04:05:22 am,5,19
18/12/2025 04:21:42 am,5,22
18/12/2025 04:41:41 am,0,25
18/12/2025 05:01:18 am,1,25
18/12/2025 05:19:26 am,0,26
18/12/2025 06:19:31 am,0,30
18/12/2025 08:14:35 am,0,31
18/12/2025 09:16:14 am,0,31
18/12/2025 09:55:25 am,0,31
18/12/2025 10:22:21 am,0,31
18/12/2025 10:45:14 am,0,31
18/12/2025 11:09:49 am,0,31
18/12/2025 11:24:22 am,0,31
18/12/2025 11:48:37 am,0,31
18/12/2025 12:45:06 pm,0,29
18/12/2025 01:04:31 pm,0,29
18/12/2025 01:19:29 pm,0,29
18/12/2025 01:46:52 pm,0,29
18/12/2025 02:47:58 pm,1,29
18/12/2025 03:16:17 pm,0,26
18/12/2025 03:47:33 pm,0,8
18/12/2025 04:10:59 pm,0,8
18/12/2025 04:24:00 pm,0,8
18/12/2025 04:41:39 pm,0,8
18/12/2025 05:00:47 pm,0,8
18/12/2025 05:12:08 pm,0,8
18/12/2025 05:19:47 pm,0,8
18/12/2025 05:52:22 pm,0,8
18/12/2025 06:39:37 pm,0,8
18/12/2025 07:22:57 pm,1,8
18/12/2025 07:44:20 pm,1,8
18/12/2025 08:10:56 pm,0,8
18/12/2025 08:25:23 pm,1,8
18/12/2025 08:45:46 pm,0,8
18/12/2025 09:07:08 pm,0,6
18/12/2025 09:23:11 pm,0,6
18/12/2025 09:46:07 pm,0,6
18/12/2025 10:22:27 pm,0,6
18/12/2025 10:46:21 pm,0,6
18/12/2025 11:14:56 pm,0,6
18/12/2025 11:25:02 pm,0,6
18/12/2025 11:47:49 pm,0,6
19/12/2025 12:22:31 am,4,6
19/12/2025 12:42:18 am,1,6
19/12/2025 12:57:08 am,2,6
19/12/2025 01:04:13 am,2,6
19/12/2025 01:17:40 am,2,8
19/12/2025 01:42:53 am,4,8
19/12/2025 02:02:30 am,4,8
19/12/2025 02:21:03 am,1,12
19/12/2025 02:40:57 am,4,13
19/12/2025 02:58:03 am,1,12
19/12/2025 03:07:34 am,0,12
19/12/2025 03:17:53 am,0,12
19/12/2025 03:41:26 am,0,12
19/12/2025 04:04:28 am,1,12
19/12/2025 04:21:00 am,1,12
19/12/2025 04:41:57 am,2,12
19/12/2025 05:00:53 am,2,12
19/12/2025 05:12:03 am,2,12
19/12/2025 05:19:10 am,2,12
19/12/2025 06:23:56 am,5,12
19/12/2025 08:17:59 am,1,16
19/12/2025 09:23:14 am,1,16
19/12/2025 09:56:42 am,1,16
19/12/2025 10:22:18 am,1,16
19/12/2025 10:44:27 am,1,16
19/12/2025 11:07:27 am,1,16
19/12/2025 11:22:21 am,3,16
19/12/2025 11:48:20 am,3,16
19/12/2025 12:22:09 pm,3,16
19/12/2025 12:45:01 pm,3,14
19/12/2025 01:04:13 pm,3,14
19/12/2025 01:18:43 pm,3,14
19/12/2025 01:46:53 pm,3,1
19/12/2025 02:19:46 pm,3,0
19/12/2025 02:45:35 pm,0,1
19/12/2025 03:08:13 pm,0,1
19/12/2025 03:22:21 pm,0,1
19/12/2025 03:42:59 pm,0,1
19/12/2025 04:08:54 pm,0,1
19/12/2025 04:24:06 pm,0,1
19/12/2025 04:41:18 pm,0,1
19/12/2025 04:59:38 pm,0,1
19/12/2025 05:10:00 pm,0,1
19/12/2025 05:18:45 pm,0,1
19/12/2025 05:51:24 pm,0,1
19/12/2025 06:37:44 pm,0,0
19/12/2025 07:14:17 pm,0,0
19/12/2025 07:25:12 pm,0,0
19/12/2025 07:42:55 pm,0,0
19/12/2025 08:07:18 pm,0,0
19/12/2025 08:23:31 pm,0,0
19/12/2025 08:42:37 pm,1,0
19/12/2025 09:05:07 pm,1,0
19/12/2025 09:22:32 pm,1,0
19/12/2025 09:44:18 pm,0,0
19/12/2025 10:14:37 pm,0,0
19/12/2025 10:27:40 pm,0,0
19/12/2025 10:45:06 pm,0,0
19/12/2025 11:02:08 pm,0,0
19/12/2025 11:17:45 pm,0,0
19/12/2025 11:46:49 pm,1,0
20/12/2025 12:20:22 am,1,0
20/12/2025 12:40:33 am,0,0
20/12/2025 12:57:28 am,0,0
20/12/2025 01:06:07 am,0,0
20/12/2025 01:17:17 am,0,0
20/12/2025 01:42:59 am,0,3
20/12/2025 02:05:17 am,0,3
20/12/2025 02:21:49 am,0,3
20/12/2025 02:41:16 am,0,3
20/12/2025 03:00:25 am,0,3
20/12/2025 03:11:08 am,0,3
20/12/2025 03:18:30 am,0,3
20/12/2025 03:41:56 am,2,4
20/12/2025 04:04:55 am,0,6
20/12/2025 04:20:20 am,0,6
20/12/2025 04:41:50 am,0,6
20/12/2025 05:00:08 am,0,7
20/12/2025 05:10:32 am,0,7
20/12/2025 05:17:40 am,1,7
20/12/2025 06:20:15 am,0,10
20/12/2025 07:57:45 am,0,10
20/12/2025 09:06:10 am,0,10
20/12/2025 09:32:54 am,0,10
20/12/2025 10:09:00 am,0,10
20/12/2025 10:22:59 am,0,10
20/12/2025 10:41:37 am,0,10
20/12/2025 11:04:32 am,0,10
20/12/2025 11:21:53 am,0,10
20/12/2025 11:47:40 am,0,10
20/12/2025 12:19:14 pm,0,9
20/12/2025 12:41:02 pm,0,9
20/12/2025 12:58:24 pm,0,9
20/12/2025 01:07:28 pm,0,9
20/12/2025 01:17:15 pm,0,9
20/12/2025 01:44:49 pm,0,9
20/12/2025 02:09:37 pm,0,9
20/12/2025 02:23:26 pm,0,9
20/12/2025 02:41:26 pm,0,9
20/12/2025 03:00:45 pm,0,9
20/12/2025 03:11:16 pm,0,9
20/12/2025 03:17:12 pm,0,9
20/12/2025 03:41:18 pm,0,9
20/12/2025 04:04:30 pm,0,8
20/12/2025 04:19:40 pm,0,8
20/12/2025 04:39:17 pm,0,8
20/12/2025 05:03:38 pm,0,8
20/12/2025 05:17:39 pm,0,8
20/12/2025 05:49:23 pm,0,8
20/12/2025 06:32:24 pm,0,8
20/12/2025 07:06:59 pm,0,8
20/12/2025 07:18:53 pm,0,8
20/12/2025 07:40:11 pm,0,8
20/12/2025 08:01:35 pm,1,0
20/12/2025 08:18:17 pm,1,0
20/12/2025 08:40:54 pm,1,0
20/12/2025 09:00:45 pm,1,0
20/12/2025 09:11:23 pm,1,0
20/12/2025 09:18:09 pm,1,0
20/12/2025 09:42:49 pm,2,0
20/12/2025 10:07:18 pm,0,2
20/12/2025 10:22:08 pm,0,2
20/12/2025 10:39:24 pm,0,2
20/12/2025 10:59:00 pm,1,2
20/12/2025 11:09:19 pm,2,2
20/12/2025 11:17:48 pm,2,2
20/12/2025 11:44:57 pm,0,4
21/12/2025 12:11:11 am,1,4
21/12/2025 12:22:32 am,1,4
21/12/2025 12:38:41 am,1,4
21/12/2025 12:55:28 am,3,4
21/12/2025 01:03:05 am,3,4
21/12/2025 01:17:04 am,4,4
21/12/2025 01:41:32 am,0,8
21/12/2025 02:01:59 am,0,8
21/12/2025 02:18:21 am,2,8
21/12/2025 02:39:31 am,2,8
21/12/2025 02:57:52 am,2,8
21/12/2025 03:06:51 am,2,8
21/12/2025 03:17:27 am,2,8
21/12/2025 03:40:31 am,2,8
21/12/2025 04:02:04 am,2,8
21/12/2025 04:18:31 am,2,8
21/12/2025 04:40:53 am,2,8
21/12/2025 04:58:41 am,3,8
21/12/2025 05:08:05 am,3,8
21/12/2025 05:17:42 am,0,11
21/12/2025 06:27:35 am,0,12
21/12/2025 08:25:51 am,0,12
21/12/2025 09:27:20 am,0,12
21/12/2025 10:02:15 am,0,12
21/12/2025 10:28:41 am,0,12
21/12/2025 10:48:12 am,0,12
21/12/2025 11:11:55 am,0,12
21/12/2025 11:21:22 am,0,12
21/12/2025 11:47:02 am,0,12
21/12/2025 12:20:20 pm,0,12
21/12/2025 12:41:39 pm,0,12
21/12/2025 01:00:27 pm,0,12
21/12/2025 01:09:55 pm,1,12
21/12/2025 01:17:35 pm,1,12
21/12/2025 01:44:36 pm,2,12
21/12/2025 02:10:06 pm,2,12
21/12/2025 02:24:04 pm,2,12
21/12/2025 02:41:31 pm,2,12
21/12/2025 03:01:34 pm,2,12
21/12/2025 03:18:10 pm,2,12
21/12/2025 03:41:33 pm,2,12
21/12/2025 04:05:11 pm,2,12
21/12/2025 04:20:17 pm,0,12
21/12/2025 04:39:44 pm,0,12
21/12/2025 04:56:53 pm,0,12
21/12/2025 05:04:56 pm,0,12
21/12/2025 05:17:46 pm,0,12
21/12/2025 05:49:40 pm,0,12
21/12/2025 06:33:28 pm,0,12
21/12/2025 07:07:29 pm,0,12
21/12/2025 07:20:01 pm,0,12
21/12/2025 07:40:30 pm,0,12
21/12/2025 08:01:54 pm,0,12
21/12/2025 08:18:25 pm,0,12
21/12/2025 08:40:48 pm,0,12
21/12/2025 09:00:47 pm,1,7
21/12/2025 09:11:21 pm,1,0
21/12/2025 09:18:12 pm,1,0
21/12/2025 09:42:33 pm,1,0
21/12/2025 10:07:14 pm,1,0
21/12/2025 10:22:37 pm,1,0
21/12/2025 10:39:42 pm,0,0
21/12/2025 10:59:50 pm,0,0
21/12/2025 11:10:38 pm,0,0
21/12/2025 11:17:45 pm,0,0
21/12/2025 11:45:28 pm,1,0
22/12/2025 12:14:02 am,1,0
22/12/2025 12:25:11 am,2,0
22/12/2025 12:38:33 am,2,0
22/12/2025 01:03:12 am,2,0
22/12/2025 01:17:23 am,2,0
22/12/2025 01:42:01 am,4,0
22/12/2025 02:03:24 am,0,0
22/12/2025 02:19:54 am,0,0
22/12/2025 02:39:47 am,0,0
22/12/2025 02:58:30 am,0,0
22/12/2025 03:07:55 am,0,0
22/12/2025 03:17:34 am,0,0
22/12/2025 03:41:08 am,0,0
22/12/2025 04:03:19 am,0,0
22/12/2025 04:19:39 am,0,0
22/12/2025 04:41:06 am,0,0
22/12/2025 04:59:50 am,1,0
22/12/2025 05:10:25 am,1,0
22/12/2025 05:18:27 am,0,0
22/12/2025 06:26:35 am,0,0
22/12/2025 08:26:22 am,1,0
22/12/2025 09:31:23 am,0,0
22/12/2025 10:21:05 am,1,0
22/12/2025 10:47:10 am,1,0
22/12/2025 11:15:10 am,1,0
22/12/2025 11:24:35 am,1,0
22/12/2025 11:49:50 am,1,0
22/12/2025 12:25:09 pm,1,0
22/12/2025 12:47:15 pm,2,0
22/12/2025 01:12:29 pm,2,0
22/12/2025 01:21:09 pm,2,0
22/12/2025 01:48:26 pm,2,0
22/12/2025 02:20:48 pm,2,0
22/12/2025 02:48:54 pm,2,0
22/12/2025 03:17:52 pm,2,0
22/12/2025 03:43:41 pm,2,0
22/12/2025 04:09:15 pm,2,0
22/12/2025 04:23:26 pm,2,0
22/12/2025 04:41:28 pm,2,0
22/12/2025 04:59:13 pm,2,0
22/12/2025 05:09:43 pm,2,0
22/12/2025 05:18:15 pm,2,0
22/12/2025 05:52:50 pm,2,0
22/12/2025 06:38:11 pm,0,0
22/12/2025 07:16:05 pm,0,0
22/12/2025 07:26:58 pm,0,0
22/12/2025 07:44:49 pm,1,0
22/12/2025 08:07:02 pm,0,0
22/12/2025 08:22:41 pm,1,0
22/12/2025 08:42:48 pm,0,0
22/12/2025 09:04:54 pm,0,0
22/12/2025 09:22:03 pm,0,0
22/12/2025 09:44:34 pm,2,0
22/12/2025 10:13:45 pm,0,0
22/12/2025 10:27:52 pm,0,0
22/12/2025 10:44:34 pm,0,0
22/12/2025 11:03:46 pm,0,0
22/12/2025 11:19:24 pm,0,0
22/12/2025 11:47:35 pm,0,0
23/12/2025 12:21:00 am,3,1
23/12/2025 12:41:00 am,3,2
23/12/2025 12:58:05 am,0,5
23/12/2025 01:07:14 am,1,5
23/12/2025 01:17:18 am,2,5
23/12/2025 01:42:54 am,2,5
23/12/2025 02:05:29 am,3,5
23/12/2025 02:22:47 am,5,6
23/12/2025 02:40:48 am,4,6
23/12/2025 02:59:44 am,19,6
23/12/2025 03:10:34 am,17,9
23/12/2025 03:17:50 am,17,9
23/12/2025 03:41:35 am,13,9
23/12/2025 04:21:37 am,13,9
23/12/2025 05:00:44 am,5,9
23/12/2025 05:12:05 am,6,9
23/12/2025 05:19:40 am,6,9
23/12/2025 06:23:45 am,6,9
23/12/2025 08:19:54 am,0,13
23/12/2025 09:26:06 am,0,13
23/12/2025 10:00:25 am,0,13
23/12/2025 10:27:00 am,0,13
23/12/2025 10:48:28 am,0,10
23/12/2025 11:15:29 am,0,10
23/12/2025 11:25:17 am,0,10
23/12/2025 11:48:58 am,0,10
23/12/2025 12:24:53 pm,1,10
23/12/2025 12:46:47 pm,1,10
23/12/2025 01:12:28 pm,1,10
23/12/2025 01:21:46 pm,1,11
23/12/2025 01:47:18 pm,0,11
23/12/2025 02:20:09 pm,0,11
23/12/2025 02:46:43 pm,0,4
23/12/2025 03:14:36 pm,0,4
23/12/2025 03:24:53 pm,0,4
23/12/2025 03:43:36 pm,0,4
23/12/2025 04:10:34 pm,0,4
23/12/2025 04:24:15 pm,0,4
23/12/2025 04:41:14 pm,0,4
23/12/2025 05:00:28 pm,0,4
23/12/2025 05:11:45 pm,0,1
23/12/2025 05:19:11 pm,0,1
23/12/2025 05:52:29 pm,0,1
23/12/2025 06:39:46 pm,0,1
23/12/2025 07:17:28 pm,0,1
23/12/2025 07:42:30 pm,0,1
23/12/2025 08:06:49 pm,0,1
23/12/2025 08:23:39 pm,0,1
23/12/2025 08:42:44 pm,0,1
23/12/2025 09:05:01 pm,0,1
23/12/2025 09:22:14 pm,1,1
23/12/2025 09:45:00 pm,0,1
23/12/2025 10:15:19 pm,0,0
23/12/2025 10:29:21 pm,0,0
23/12/2025 10:49:24 pm,3,0
23/12/2025 11:12:38 pm,0,0
23/12/2025 11:22:36 pm,0,0
23/12/2025 11:47:44 pm,2,0
24/12/2025 12:21:23 am,2,0
24/12/2025 12:41:49 am,1,0
24/12/2025 12:58:24 am,3,0
24/12/2025 01:07:44 am,3,0
24/12/2025 01:17:46 am,3,0
24/12/2025 01:42:28 am,0,0
24/12/2025 02:05:06 am,2,0
24/12/2025 02:21:21 am,0,0
24/12/2025 02:41:31 am,0,0
24/12/2025 03:00:26 am,0,0
24/12/2025 03:11:16 am,0,0
24/12/2025 03:18:04 am,0,0
24/12/2025 03:41:32 am,1,0
24/12/2025 04:04:02 am,0,0
24/12/2025 04:20:31 am,0,0
24/12/2025 04:41:06 am,0,0
24/12/2025 05:00:20 am,0,0
24/12/2025 05:11:30 am,0,0
24/12/2025 05:18:45 am,1,0
24/12/2025 06:23:27 am,0,3
24/12/2025 08:17:14 am,0,3
24/12/2025 09:23:25 am,0,3
24/12/2025 09:58:10 am,0,3
24/12/2025 10:24:12 am,0,3
24/12/2025 10:46:51 am,0,3
24/12/2025 11:15:40 am,0,3
24/12/2025 11:25:37 am,0,3
24/12/2025 11:49:13 am,0,3
24/12/2025 12:24:39 pm,0,3
24/12/2025 12:46:41 pm,0,3
24/12/2025 01:12:06 pm,0,3
24/12/2025 01:21:32 pm,0,3
24/12/2025 01:47:02 pm,0,3
24/12/2025 02:20:05 pm,0,3
24/12/2025 02:46:25 pm,0,2
24/12/2025 03:13:02 pm,0,0
24/12/2025 03:22:35 pm,0,0
24/12/2025 03:42:53 pm,0,0
24/12/2025 04:07:50 pm,0,0
24/12/2025 04:22:56 pm,1,0
24/12/2025 04:41:50 pm,1,0
24/12/2025 04:59:48 pm,1,0
24/12/2025 05:10:09 pm,1,0
24/12/2025 05:18:21 pm,1,0
24/12/2025 05:51:54 pm,1,0
24/12/2025 06:37:03 pm,0,0
24/12/2025 07:12:28 pm,0,0
24/12/2025 07:23:28 pm,0,0
24/12/2025 07:41:29 pm,0,0
24/12/2025 08:04:12 pm,0,0
24/12/2025 08:21:55 pm,0,0
24/12/2025 08:42:26 pm,0,0
24/12/2025 09:03:58 pm,0,0
24/12/2025 09:20:40 pm,0,0
24/12/2025 09:44:41 pm,0,0
24/12/2025 10:12:03 pm,0,0
24/12/2025 10:25:19 pm,0,0
24/12/2025 10:40:03 pm,0,0
24/12/2025 11:01:18 pm,0,0
24/12/2025 11:18:35 pm,0,0
24/12/2025 11:46:55 pm,0,0
25/12/2025 12:19:30 am,0,0
25/12/2025 12:39:40 am,0,0
25/12/2025 12:56:38 am,0,0
25/12/2025 01:04:45 am,0,0
25/12/2025 01:17:13 am,0,0
25/12/2025 01:42:43 am,0,0
25/12/2025 02:04:42 am,0,0
25/12/2025 02:20:57 am,0,0
25/12/2025 02:40:36 am,0,0
25/12/2025 02:59:43 am,0,0
25/12/2025 03:10:08 am,0,0
25/12/2025 03:18:08 am,0,0
25/12/2025 03:41:46 am,0,0
25/12/2025 04:04:44 am,0,0
25/12/2025 04:21:11 am,0,0
25/12/2025 04:41:27 am,0,0
25/12/2025 05:00:39 am,0,0
25/12/2025 05:11:48 am,0,0
25/12/2025 05:19:03 am,0,0
25/12/2025 06:23:46 am,0,0
25/12/2025 08:20:25 am,0,0
25/12/2025 09:25:57 am,0,0
25/12/2025 10:00:11 am,0,0
25/12/2025 10:26:42 am,0,0
25/12/2025 10:47:27 am,0,0
25/12/2025 11:15:12 am,0,0
25/12/2025 11:24:49 am,0,0
25/12/2025 11:48:59 am,0,0
25/12/2025 12:23:41 pm,0,0
25/12/2025 12:44:51 pm,0,0
25/12/2025 01:03:55 pm,0,0
25/12/2025 01:18:55 pm,0,0
25/12/2025 01:46:27 pm,0,0
25/12/2025 02:18:27 pm,0,0
25/12/2025 02:44:32 pm,0,0
25/12/2025 03:06:20 pm,0,0
25/12/2025 03:21:11 pm,0,0
25/12/2025 03:42:52 pm,0,0
25/12/2025 04:07:35 pm,0,0
25/12/2025 04:22:40 pm,0,0
25/12/2025 04:40:11 pm,0,0
25/12/2025 04:58:30 pm,0,0
25/12/2025 05:08:50 pm,0,0
25/12/2025 05:17:45 pm,0,0
25/12/2025 05:51:33 pm,1,0
25/12/2025 06:36:49 pm,1,0
25/12/2025 07:13:09 pm,1,0
25/12/2025 07:24:10 pm,1,0
25/12/2025 07:41:28 pm,1,0
25/12/2025 08:04:20 pm,1,0
25/12/2025 08:21:39 pm,1,0
25/12/2025 08:41:49 pm,1,0
25/12/2025 09:02:45 pm,1,0
25/12/2025 09:19:40 pm,1,0
25/12/2025 09:44:24 pm,1,0
25/12/2025 10:11:56 pm,2,0
25/12/2025 10:26:11 pm,2,0
25/12/2025 10:40:58 pm,2,0
25/12/2025 11:01:45 pm,5,0
25/12/2025 11:18:36 pm,5,0
25/12/2025 11:46:24 pm,5,0
26/12/2025 12:19:31 am,5,0
26/12/2025 12:56:33 am,5,0
26/12/2025 01:04:33 am,5,0
26/12/2025 01:43:07 am,4,0
26/12/2025 02:05:33 am,4,0
26/12/2025 02:21:34 am,5,0
26/12/2025 02:41:11 am,5,0
26/12/2025 03:00:11 am,5,0
26/12/2025 03:10:51 am,5,0
26/12/2025 03:18:04 am,5,0
26/12/2025 04:03:58 am,6,0
26/12/2025 04:20:38 am,6,0
26/12/2025 04:41:25 am,9,0
26/12/2025 05:00:41 am,9,0
26/12/2025 05:11:42 am,9,0
26/12/2025 05:19:25 am,9,0
26/12/2025 06:23:44 am,1,0
26/12/2025 08:18:42 am,0,1
26/12/2025 09:23:43 am,1,1
26/12/2025 09:57:01 am,0,1
26/12/2025 10:22:07 am,0,1
26/12/2025 10:44:38 am,0,1
26/12/2025 11:07:42 am,0,1
26/12/2025 11:22:06 am,0,1
26/12/2025 11:48:43 am,0,1
26/12/2025 12:23:06 pm,0,1
26/12/2025 12:45:04 pm,0,1
26/12/2025 01:04:30 pm,0,1
26/12/2025 01:18:56 pm,0,1
26/12/2025 01:45:58 pm,0,1
26/12/2025 02:14:47 pm,0,1
26/12/2025 02:28:33 pm,0,1
26/12/2025 02:48:57 pm,0,1
26/12/2025 03:12:07 pm,0,1
26/12/2025 03:21:51 pm,0,1
26/12/2025 03:42:55 pm,0,1
26/12/2025 04:07:40 pm,0,1
26/12/2025 04:22:39 pm,0,1
26/12/2025 04:40:54 pm,0,0
26/12/2025 04:59:17 pm,0,0
26/12/2025 05:09:24 pm,0,0
26/12/2025 05:17:55 pm,0,0
26/12/2025 05:51:33 pm,0,0
26/12/2025 06:36:46 pm,0,0
26/12/2025 07:13:34 pm,0,0
26/12/2025 07:24:19 pm,0,0
26/12/2025 07:41:51 pm,0,0
26/12/2025 08:05:05 pm,0,0
26/12/2025 08:21:56 pm,0,0
26/12/2025 08:41:52 pm,0,0
26/12/2025 09:03:24 pm,0,0
26/12/2025 09:20:11 pm,0,0
26/12/2025 09:43:09 pm,0,0
26/12/2025 10:08:47 pm,0,0
26/12/2025 10:23:13 pm,0,0
26/12/2025 10:40:02 pm,0,0
26/12/2025 11:01:22 pm,0,0
26/12/2025 11:18:15 pm,0,0
26/12/2025 11:46:28 pm,0,0
27/12/2025 12:19:25 am,0,0
27/12/2025 12:40:01 am,0,0
27/12/2025 12:56:46 am,0,1
27/12/2025 01:04:16 am,0,1
27/12/2025 01:17:23 am,1,1
27/12/2025 01:42:23 am,0,2
27/12/2025 02:03:48 am,1,2
27/12/2025 02:20:17 am,0,3
27/12/2025 02:40:39 am,0,3
27/12/2025 02:59:34 am,0,3
27/12/2025 03:09:28 am,1,3
27/12/2025 03:17:03 am,0,3
27/12/2025 03:41:31 am,0,3
27/12/2025 04:04:21 am,0,3
27/12/2025 04:20:38 am,1,3
27/12/2025 04:41:28 am,0,4
27/12/2025 05:00:44 am,0,4
27/12/2025 05:11:55 am,0,4
27/12/2025 05:19:57 am,0,3
27/12/2025 06:22:27 am,0,1
27/12/2025 08:15:34 am,0,3
27/12/2025 09:17:08 am,0,3
27/12/2025 09:54:25 am,0,3
27/12/2025 10:20:30 am,0,3
27/12/2025 10:43:23 am,0,3
27/12/2025 11:06:23 am,0,3
27/12/2025 11:22:07 am,0,3
27/12/2025 11:47:23 am,0,3
27/12/2025 12:21:20 pm,0,0
27/12/2025 12:41:33 pm,0,0
27/12/2025 01:00:30 pm,0,0
27/12/2025 01:10:22 pm,0,0
27/12/2025 01:18:00 pm,0,0
27/12/2025 01:44:43 pm,0,0
27/12/2025 02:11:49 pm,0,0
27/12/2025 02:25:06 pm,0,0
27/12/2025 02:41:59 pm,0,0
27/12/2025 03:02:36 pm,0,0
27/12/2025 03:18:46 pm,0,0
27/12/2025 03:41:15 pm,0,0
27/12/2025 04:04:59 pm,0,0
27/12/2025 04:20:31 pm,0,0
27/12/2025 04:39:37 pm,0,0
27/12/2025 04:56:42 pm,0,0
27/12/2025 05:05:03 pm,0,0
27/12/2025 05:17:43 pm,0,0
27/12/2025 05:50:21 pm,0,0
27/12/2025 06:33:58 pm,0,0
27/12/2025 07:08:18 pm,1,0
27/12/2025 07:20:06 pm,1,0
27/12/2025 07:40:20 pm,1,0
27/12/2025 08:02:17 pm,1,0
27/12/2025 08:19:10 pm,2,0
27/12/2025 08:40:49 pm,2,0
27/12/2025 09:01:04 pm,2,0
27/12/2025 09:11:58 pm,2,0
27/12/2025 09:18:59 pm,2,0
27/12/2025 09:43:06 pm,3,0
27/12/2025 10:08:30 pm,3,0
27/12/2025 10:23:10 pm,3,0
27/12/2025 10:39:51 pm,3,0
27/12/2025 11:00:26 pm,4,0
27/12/2025 11:11:21 pm,5,0
27/12/2025 11:45:40 pm,7,0
28/12/2025 12:14:53 am,7,0
28/12/2025 12:26:10 am,7,0
28/12/2025 12:38:57 am,7,0
28/12/2025 02:39:44 am,11,0
28/12/2025 03:41:00 am,0,0
28/12/2025 04:03:32 am,0,0
28/12/2025 04:20:07 am,0,0
28/12/2025 04:41:26 am,0,0
28/12/2025 05:00:03 am,0,0
28/12/2025 05:10:35 am,0,0
28/12/2025 05:18:46 am,0,0
28/12/2025 06:30:15 am,2,0
28/12/2025 08:36:19 am,0,3
28/12/2025 09:45:53 am,0,3
28/12/2025 10:25:22 am,0,3
28/12/2025 10:46:47 am,1,3
28/12/2025 11:15:48 am,1,3
28/12/2025 11:25:39 am,1,3
28/12/2025 11:47:38 am,1,3
28/12/2025 12:21:35 pm,1,3
28/12/2025 12:43:12 pm,1,3
28/12/2025 01:02:27 pm,1,3
28/12/2025 01:18:21 pm,1,3
28/12/2025 01:45:00 pm,1,3
28/12/2025 02:12:10 pm,1,3
28/12/2025 02:25:21 pm,1,3
28/12/2025 02:41:32 pm,1,3
28/12/2025 03:02:18 pm,1,3
28/12/2025 03:19:17 pm,1,3
28/12/2025 03:41:24 pm,1,3
28/12/2025 04:06:01 pm,1,3
28/12/2025 04:21:14 pm,1,3
28/12/2025 04:40:11 pm,1,3
28/12/2025 04:57:37 pm,1,3
28/12/2025 05:07:05 pm,1,3
28/12/2025 05:17:41 pm,1,3
28/12/2025 05:50:38 pm,1,3
28/12/2025 06:35:12 pm,1,3
28/12/2025 07:09:40 pm,0,3
28/12/2025 07:21:06 pm,0,3
28/12/2025 07:41:26 pm,0,3
28/12/2025 08:02:56 pm,0,3
28/12/2025 08:20:31 pm,0,3
28/12/2025 08:41:09 pm,0,3
28/12/2025 09:01:57 pm,0,3
28/12/2025 09:18:49 pm,0,3
28/12/2025 09:43:01 pm,0,3
28/12/2025 10:09:53 pm,2,3
28/12/2025 10:23:46 pm,2,3
28/12/2025 10:40:22 pm,2,3
28/12/2025 11:01:15 pm,2,3
28/12/2025 11:18:26 pm,2,3
28/12/2025 11:46:21 pm,2,3
29/12/2025 12:18:31 am,2,3
29/12/2025 12:38:52 am,2,3
29/12/2025 12:56:55 am,3,3
29/12/2025 01:04:24 am,3,3
29/12/2025 01:17:40 am,3,3
29/12/2025 01:42:56 am,3,3
29/12/2025 02:05:27 am,3,3
29/12/2025 02:21:26 am,3,3
29/12/2025 02:40:24 am,3,3
29/12/2025 03:00:06 am,3,3
29/12/2025 03:10:14 am,4,3
29/12/2025 03:18:23 am,4,3
29/12/2025 04:03:58 am,4,3
29/12/2025 04:21:15 am,4,3
29/12/2025 04:41:14 am,4,3
29/12/2025 05:00:54 am,4,3
29/12/2025 05:12:03 am,0,3
29/12/2025 05:20:06 am,0,3
29/12/2025 06:28:40 am,0,3
29/12/2025 08:34:41 am,0,5
29/12/2025 09:48:26 am,0,5
29/12/2025 10:33:13 am,0,5
29/12/2025 11:15:15 am,0,5
29/12/2025 11:27:54 am,0,5
29/12/2025 11:57:30 am,0,1
29/12/2025 12:28:11 pm,0,1
29/12/2025 12:52:23 pm,0,1
29/12/2025 01:14:15 pm,0,1
29/12/2025 01:23:31 pm,0,1
29/12/2025 01:48:39 pm,0,1
29/12/2025 02:22:17 pm,0,1
29/12/2025 02:50:44 pm,0,1
29/12/2025 03:19:39 pm,0,1
29/12/2025 03:43:48 pm,0,1
29/12/2025 04:12:28 pm,0,1
29/12/2025 04:25:05 pm,0,1
29/12/2025 04:41:52 pm,0,1
29/12/2025 05:00:58 pm,0,1
29/12/2025 05:12:41 pm,0,1
29/12/2025 05:20:01 pm,0,1
29/12/2025 05:53:06 pm,0,1
29/12/2025 06:40:44 pm,0,1
29/12/2025 07:18:37 pm,0,1
29/12/2025 07:43:50 pm,0,1
29/12/2025 08:08:13 pm,0,1
29/12/2025 08:24:10 pm,0,1
29/12/2025 08:43:27 pm,0,1
29/12/2025 09:05:52 pm,0,1
29/12/2025 09:23:07 pm,1,1
29/12/2025 09:44:17 pm,0,1
29/12/2025 10:12:08 pm,0,1
29/12/2025 10:25:55 pm,0,1
29/12/2025 10:41:00 pm,0,1
29/12/2025 11:02:57 pm,0,2
29/12/2025 11:20:25 pm,1,2
29/12/2025 11:48:08 pm,0,3
30/12/2025 12:20:40 am,1,3
30/12/2025 12:40:10 am,0,3
30/12/2025 12:57:27 am,0,3
30/12/2025 01:06:03 am,0,3
30/12/2025 01:17:13 am,1,3
30/12/2025 01:43:38 am,0,4
30/12/2025 02:07:01 am,0,5
30/12/2025 02:22:37 am,0,5
30/12/2025 02:40:45 am,0,5
30/12/2025 02:59:57 am,0,5
30/12/2025 03:10:46 am,0,5
30/12/2025 03:19:19 am,0,5
30/12/2025 03:41:26 am,1,5
30/12/2025 04:04:35 am,4,5
30/12/2025 04:20:35 am,4,7
30/12/2025 04:41:17 am,4,7
30/12/2025 05:12:22 am,0,7
30/12/2025 05:19:51 am,0,8
30/12/2025 06:24:13 am,0,4
30/12/2025 08:21:12 am,1,6
30/12/2025 09:27:04 am,0,6
30/12/2025 10:03:07 am,0,5
30/12/2025 10:31:59 am,0,5
30/12/2025 11:08:01 am,0,5
30/12/2025 11:22:46 am,0,5
30/12/2025 11:48:52 am,0,1
30/12/2025 12:23:28 pm,0,1
30/12/2025 12:45:22 pm,0,1
30/12/2025 01:05:01 pm,0,1
30/12/2025 01:19:55 pm,0,1
30/12/2025 01:47:04 pm,0,1
30/12/2025 02:19:51 pm,0,1
30/12/2025 02:46:30 pm,0,1
30/12/2025 03:14:28 pm,0,1
30/12/2025 03:24:49 pm,0,1
30/12/2025 03:43:16 pm,0,1
30/12/2025 04:09:48 pm,0,1
30/12/2025 04:24:08 pm,0,1
30/12/2025 04:41:50 pm,0,1
30/12/2025 05:00:45 pm,0,1
30/12/2025 05:12:14 pm,0,1
30/12/2025 05:19:48 pm,0,1
30/12/2025 05:52:40 pm,0,1
30/12/2025 06:40:08 pm,0,1
30/12/2025 07:17:17 pm,0,1
30/12/2025 07:42:39 pm,0,1
30/12/2025 08:07:16 pm,0,1
30/12/2025 08:23:31 pm,1,1
30/12/2025 08:42:21 pm,0,1
30/12/2025 09:04:54 pm,0,1
30/12/2025 09:22:36 pm,2,1
30/12/2025 09:45:05 pm,0,1
30/12/2025 10:14:38 pm,0,1
30/12/2025 10:29:03 pm,0,1
30/12/2025 10:48:51 pm,0,1
30/12/2025 11:12:52 pm,1,1
30/12/2025 11:23:09 pm,2,1
30/12/2025 11:47:42 pm,4,2
31/12/2025 12:22:20 am,3,3
31/12/2025 12:40:53 am,3,3
31/12/2025 01:06:06 am,3,3
31/12/2025 01:17:41 am,4,3
31/12/2025 02:22:31 am,5,5
31/12/2025 02:41:35 am,5,6
31/12/2025 03:01:22 am,5,6
31/12/2025 03:19:43 am,1,8
31/12/2025 03:41:13 am,2,8
31/12/2025 04:04:25 am,2,8
31/12/2025 04:21:04 am,2,8
31/12/2025 04:40:58 am,3,8
31/12/2025 04:59:53 am,3,8
31/12/2025 05:10:50 am,0,10
31/12/2025 05:18:17 am,0,10
31/12/2025 06:25:33 am,0,10
31/12/2025 08:20:23 am,0,12
31/12/2025 09:26:38 am,1,12
31/12/2025 10:02:16 am,0,12
31/12/2025 10:31:11 am,0,12
31/12/2025 11:09:05 am,0,12
31/12/2025 11:23:52 am,0,12
31/12/2025 11:48:58 am,1,12
31/12/2025 12:23:57 pm,1,12
31/12/2025 12:46:22 pm,1,12
31/12/2025 01:12:22 pm,1,10
31/12/2025 01:22:07 pm,1,9
31/12/2025 01:46:53 pm,1,7
31/12/2025 02:19:32 pm,1,7
31/12/2025 02:46:10 pm,1,7
31/12/2025 03:14:28 pm,1,7
31/12/2025 03:24:14 pm,1,7
31/12/2025 03:42:30 pm,1,7
31/12/2025 04:07:26 pm,0,7
31/12/2025 04:23:03 pm,0,7
31/12/2025 04:41:50 pm,0,7
31/12/2025 04:59:39 pm,0,7
31/12/2025 05:10:12 pm,0,7
31/12/2025 05:17:57 pm,0,7
31/12/2025 05:51:53 pm,0,7
31/12/2025 06:37:50 pm,0,7
31/12/2025 07:13:57 pm,0,1
31/12/2025 07:24:45 pm,0,1
31/12/2025 07:42:09 pm,0,1
31/12/2025 08:05:10 pm,0,1
31/12/2025 08:21:49 pm,0,1
31/12/2025 08:42:33 pm,0,1
31/12/2025 09:03:23 pm,1,1
31/12/2025 09:20:35 pm,3,3
31/12/2025 09:44:43 pm,0,5
31/12/2025 10:12:28 pm,0,5
31/12/2025 10:26:14 pm,0,5
31/12/2025 10:40:35 pm,3,5
31/12/2025 11:02:01 pm,4,6
31/12/2025 11:18:28 pm,5,0
31/12/2025 11:46:39 pm,6,7
01/01/2026 12:19:15 am,7,7
01/01/2026 12:39:27 am,0,13
01/01/2026 12:56:45 am,0,14
01/01/2026 01:04:49 am,0,14
01/01/2026 01:17:23 am,1,14
01/01/2026 01:42:36 am,5,14
01/01/2026 02:05:32 am,3,14
01/01/2026 02:21:32 am,1,15
01/01/2026 02:40:56 am,3,15
01/01/2026 03:00:10 am,2,15
01/01/2026 03:11:15 am,2,15
01/01/2026 03:18:18 am,2,15
01/01/2026 03:41:58 am,2,15
01/01/2026 04:05:21 am,5,15
01/01/2026 04:21:24 am,6,15
01/01/2026 05:00:47 am,6,15
01/01/2026 05:12:02 am,6,15
01/01/2026 05:20:00 am,5,15
01/01/2026 06:30:22 am,0,20
01/01/2026 08:37:47 am,0,20
01/01/2026 09:47:40 am,0,20
01/01/2026 10:31:17 am,0,20
01/01/2026 11:12:26 am,0,20
01/01/2026 11:25:52 am,0,20
01/01/2026 11:49:23 am,0,20
01/01/2026 12:24:31 pm,0,20
01/01/2026 12:46:07 pm,0,20
01/01/2026 01:11:00 pm,0,20
01/01/2026 01:20:11 pm,0,20
01/01/2026 01:47:15 pm,0,10
01/01/2026 02:19:40 pm,1,10
01/01/2026 02:45:58 pm,0,10
01/01/2026 03:09:04 pm,0,10
01/01/2026 03:22:33 pm,0,8
01/01/2026 03:43:03 pm,1,1
01/01/2026 04:08:35 pm,1,1
01/01/2026 04:23:20 pm,1,1
01/01/2026 04:40:35 pm,1,1
01/01/2026 04:59:19 pm,1,1
01/01/2026 05:09:28 pm,1,1
01/01/2026 05:18:43 pm,1,1
01/01/2026 05:52:24 pm,0,1
01/01/2026 06:37:53 pm,0,1
01/01/2026 07:15:16 pm,0,1
01/01/2026 07:25:38 pm,0,1
01/01/2026 07:41:29 pm,0,1
01/01/2026 08:04:58 pm,0,1
01/01/2026 08:21:52 pm,1,1
01/01/2026 08:42:28 pm,1,1
01/01/2026 09:03:24 pm,0,2
01/01/2026 09:20:36 pm,0,2
01/01/2026 09:44:47 pm,0,2
01/01/2026 10:14:10 pm,0,2
01/01/2026 10:27:50 pm,0,2
01/01/2026 10:45:35 pm,1,2
01/01/2026 11:05:01 pm,1,2
01/01/2026 11:19:53 pm,1,2
01/01/2026 11:47:11 pm,2,2
02/01/2026 12:20:29 am,2,3
02/01/2026 12:40:27 am,2,3
02/01/2026 12:57:35 am,3,3
02/01/2026 01:07:10 am,3,3
02/01/2026 01:17:15 am,3,3
02/01/2026 01:43:23 am,4,3
02/01/2026 02:06:39 am,4,3
02/01/2026 02:22:38 am,4,3
02/01/2026 02:41:11 am,5,3
02/01/2026 03:00:47 am,6,3
02/01/2026 03:12:04 am,6,3
02/01/2026 03:19:30 am,6,3
02/01/2026 03:41:24 am,6,3
02/01/2026 04:05:01 am,6,3
02/01/2026 04:21:55 am,6,3
02/01/2026 04:41:31 am,6,3
02/01/2026 05:01:12 am,3,3
02/01/2026 05:19:05 am,3,3
02/01/2026 06:25:23 am,3,3
02/01/2026 08:23:39 am,0,8
02/01/2026 09:29:41 am,0,7
02/01/2026 10:10:24 am,0,7
02/01/2026 10:33:25 am,0,7
02/01/2026 11:10:17 am,0,5
02/01/2026 11:24:08 am,0,5
02/01/2026 11:49:07 am,0,5
02/01/2026 12:24:24 pm,0,5
02/01/2026 12:46:41 pm,0,5
02/01/2026 01:11:46 pm,0,5
02/01/2026 01:21:20 pm,0,5
02/01/2026 01:47:15 pm,0,5
02/01/2026 02:19:36 pm,0,1
02/01/2026 02:45:37 pm,0,1
02/01/2026 03:08:51 pm,0,1
02/01/2026 03:22:56 pm,0,1
02/01/2026 03:42:44 pm,0,1
02/01/2026 04:07:14 pm,0,1
02/01/2026 04:22:35 pm,0,1
02/01/2026 04:41:21 pm,0,1
02/01/2026 04:59:25 pm,0,1
02/01/2026 05:09:00 pm,0,1
02/01/2026 05:17:45 pm,0,1
02/01/2026 05:51:38 pm,0,1
02/01/2026 06:37:18 pm,0,1
02/01/2026 07:14:02 pm,0,1
02/01/2026 07:24:52 pm,0,1
02/01/2026 07:42:33 pm,0,1
02/01/2026 08:06:06 pm,0,1
02/01/2026 08:22:47 pm,0,1
02/01/2026 08:42:13 pm,0,1
02/01/2026 09:04:15 pm,0,1
02/01/2026 09:21:36 pm,0,1
02/01/2026 09:43:59 pm,1,1
02/01/2026 10:12:08 pm,0,1
02/01/2026 10:26:47 pm,0,1
02/01/2026 10:41:51 pm,0,1
02/01/2026 11:02:25 pm,1,1
02/01/2026 11:19:03 pm,1,2
02/01/2026 11:46:53 pm,0,2
03/01/2026 12:20:06 am,0,2
03/01/2026 12:38:30 am,1,2
03/01/2026 12:53:45 am,1,2
03/01/2026 01:03:08 am,2,2
03/01/2026 01:17:23 am,2,3
03/01/2026 01:42:39 am,2,3
03/01/2026 02:05:24 am,2,5
03/01/2026 02:21:34 am,1,5
03/01/2026 02:39:29 am,2,5
03/01/2026 02:56:33 am,2,5
03/01/2026 03:05:52 am,2,5
03/01/2026 03:17:40 am,2,5
03/01/2026 03:41:39 am,3,5
03/01/2026 04:05:33 am,1,5
03/01/2026 04:22:40 am,1,5
03/01/2026 04:41:17 am,0,6
03/01/2026 05:00:00 am,0,6
03/01/2026 05:10:39 am,1,6
03/01/2026 05:18:22 am,1,6
03/01/2026 06:21:36 am,0,8
03/01/2026 08:14:55 am,0,9
03/01/2026 09:16:24 am,0,9
03/01/2026 09:54:29 am,0,9
03/01/2026 10:20:21 am,1,9
03/01/2026 10:43:12 am,1,9
03/01/2026 11:07:00 am,1,9
03/01/2026 11:22:02 am,1,9
03/01/2026 11:47:34 am,1,9
03/01/2026 12:21:44 pm,1,9
03/01/2026 12:41:58 pm,1,9
03/01/2026 01:00:52 pm,1,9
03/01/2026 01:10:38 pm,1,9
03/01/2026 01:17:40 pm,1,5
03/01/2026 01:45:12 pm,0,1
03/01/2026 02:13:08 pm,0,1
03/01/2026 02:26:28 pm,0,1
03/01/2026 02:42:48 pm,0,1
03/01/2026 03:03:16 pm,0,1
03/01/2026 03:18:57 pm,0,1
03/01/2026 03:41:34 pm,1,1
03/01/2026 04:06:10 pm,1,1
03/01/2026 04:21:28 pm,1,1
03/01/2026 04:39:39 pm,1,1
03/01/2026 04:57:29 pm,1,1
03/01/2026 05:07:05 pm,1,1
03/01/2026 05:17:51 pm,1,1
03/01/2026 05:50:06 pm,1,1
03/01/2026 06:34:44 pm,1,0
03/01/2026 07:09:01 pm,1,0
03/01/2026 07:20:41 pm,1,0
03/01/2026 07:40:58 pm,1,0
03/01/2026 08:02:20 pm,1,0
03/01/2026 08:19:34 pm,0,1
03/01/2026 08:40:59 pm,0,1
03/01/2026 09:01:34 pm,0,1
03/01/2026 09:18:21 pm,1,1
03/01/2026 09:43:08 pm,1,1
03/01/2026 10:09:34 pm,1,1
03/01/2026 10:23:43 pm,2,1
03/01/2026 10:39:47 pm,2,1
03/01/2026 11:01:13 pm,2,1
03/01/2026 11:18:23 pm,2,1
03/01/2026 11:45:47 pm,2,1
04/01/2026 12:15:35 am,0,3
04/01/2026 12:27:28 am,0,3
04/01/2026 12:41:18 am,0,3
04/01/2026 12:56:18 am,0,3
04/01/2026 01:03:37 am,0,3
04/01/2026 01:17:37 am,0,3
04/01/2026 01:42:14 am,0,3
04/01/2026 02:05:05 am,0,3
04/01/2026 02:21:03 am,0,3
04/01/2026 02:40:08 am,0,3
04/01/2026 02:59:31 am,0,3
04/01/2026 03:09:43 am,0,3
04/01/2026 03:17:56 am,0,3
04/01/2026 03:41:04 am,1,3
04/01/2026 04:03:52 am,1,3
04/01/2026 04:20:49 am,1,3
04/01/2026 04:41:19 am,1,3
04/01/2026 05:00:32 am,1,3
04/01/2026 05:11:40 am,1,3
04/01/2026 05:19:20 am,1,3
04/01/2026 06:30:41 am,0,4
04/01/2026 08:39:34 am,0,4
